handle,nome,pais,idioma,tipo,fonte_url,fonte_tipo,motivo_mtt,publi_sala_ferramenta,handle_confianca,tamanho_time,email,site_ou_link,agencia_ou_empresario,contato_fonte_url,obs
bbzacademy,BBZ Staking Team,CA,en,stable,https://www.instagram.com/bbzacademy/,coach_stable,1on1 coaching e staking MTT (bio APPLY NOW),,na_fonte,,,https://bbzpoker.com,https://bbzpoker.com/contact/,https://bbzpoker.com/contact/,"site em Ottawa CA; email ofuscado, contato por formulario/Discord; BBZ Academy/Latam/Italy; handle bbzpoker ja em ingles.csv"
dtopoker,DTO Poker,,,site_treino,https://www.dtopoker.com,busca,trainer MTT (DTO MTT),,na_fonte,,,https://www.dtopoker.com,,site sem pagina de contato nem email,site sem pagina de contato nem email
smartpoker.team,Smart Poker Team,,en,stable,https://www.instagram.com/smartpoker.team/,busca,MTT coaching & staking (bio),,na_fonte,,,,,,~749 seguidores
lapiniandrea,Andrea Lapini,IT,it,escola,https://www.instagram.com/lapiniandrea/,busca,"coach MTT, membro XShove Team",,na_fonte,,,,,,coach individual
pokercoach.ch,Roger Gertschen,CH,de,escola,https://www.instagram.com/pokercoach.ch/,busca,coaching cash e MTT; CH/DE/AT,,na_fonte,,,,,,coach individual
nutsr_games,NutsR,FR,fr,site_treino,https://www.instagram.com/nutsr_games/,busca,"formation cash game & MTT online, 80h video",,na_fonte,,,,,,
monsterpokercommunity,Monster Poker Community,,,comunidade,https://www.instagram.com/monsterpokercommunity/,busca,study group; aprendizado,,na_fonte,,,,,,MTT nao confirmado na bio
poker.space.school,Poker Space,IT,it,escola,https://www.instagram.com/poker.space.school/,busca,escola de poker online,,na_fonte,,,,,,MTT nao confirmado na bio
pokeracademie,Poker Academie,FR,fr,escola,https://www.instagram.com/pokeracademie/,busca,"escola/coaching francofona, 2500 conteudos",,na_fonte,15,,,,,15 coaches segundo bio; MTT provavel confirmar
pokercoachingdotcom,PokerCoaching.com (Jonathan Little),US,en,site_treino,https://www.instagram.com/pokercoachingdotcom/,busca,treino interativo com foco torneios,,na_fonte,,,,,,MTT provavel
stepup_poker,Step Up Poker,,,escola,https://www.instagram.com/stepup_poker/,busca,"Coaching 360, en/fr",,na_fonte,,,,,,
purepokercoaching,Pure Poker Coaching,FR,fr,escola,https://www.instagram.com/purepokercoaching/,busca,"plataforma de coaching francofona, 3 coaches",,na_fonte,3,,,,,MTT nao confirmado
beyourbpoker,Mtt-Project,,,escola,https://www.instagram.com/beyourbpoker/,busca,escola de poker MTT (es),,na_fonte,,,,,,
mvpteam_poker,MVP Team,RU,ru,escola,https://www.instagram.com/mvpteam_poker/,busca,"escola online MTT, 30h treino/mes",,na_fonte,,,,,,promessa de resultados nao verificada
spinelitepoker,Spin Elite Poker,FR,fr,stable,https://www.instagram.com/spinelitepoker/,busca,staking/coaching spins e MTT francofono,,na_fonte,,,,,,foco spins; MTT parcial
pokermagia,Pokermagia,IT,it,escola,https://www.instagram.com/pokermagia/,busca,"escola italiana 22 coaches, foco Spin&Go",,na_fonte,22,,,,,MTT parcial
itzpokeracademy,In The Zone Poker Academy,IT,it,escola,https://www.instagram.com/itzpokeracademy/,busca,escola n1 Italia para profissionais,,na_fonte,,,,,,
acepokerteam,Ace Poker Team,,,,time,https://www.instagram.com/acepokerteam/,busca,team de poker (bio nao detalhada),,na_fonte,,,,,
holder_poker,Poker tutor MTT (holder_poker),RU,ru,escola,https://www.instagram.com/holder_poker/,busca,"treinador MTT, alunos ganharam >300k",,na_fonte,,,,,,coach individual
funfarm.project,Funfarm Project (backing),RU,ru,stable,https://www.instagram.com/funfarm.project/,busca,ensino e backing de jogadores MTT,,na_fonte,,,,,,
teambaspoker,Team Bas Poker,,,,time,https://www.instagram.com/teambaspoker/,busca,time de poker; MTT a confirmar,,na_fonte,,,,,
redchippoker,Red Chip Poker,US,en,site_treino,https://www.redchippoker.com,busca,"site de treino listado no PokerNews (MTT/cash), IG no rodape do site",,na_fonte,,,https://www.redchippoker.com,,sem email nem pagina de contato no site; Red Chip Poker LLC,sem email nem contato no site; Red Chip Poker LLC
pokerizate,Establo de Poker MTT (Pokerizate),,es,stable,https://www.instagram.com/pokerizate/,busca,establo/stable de MTT em espanhol,,na_fonte,,,,,,
bitbpoker,Best in the Business (Bitb Poker),,en,time,https://www.instagram.com/bitbpoker/,busca,"time MTT fundado por Pads, Elmerixx e europeAn; diz >5000 grinders",,na_fonte,5000,,,,,
standardbacking,Standard Backing,,en,stable,https://www.instagram.com/standardbacking/,coach_stable,"stake/coaching MTT e SNG, 15 anos, 1000+ jogadores, 50+ paises (site)",,na_fonte,1000,,https://www.standardbacking.com,,,sem email; formulario de aplicacao no site; YouTube @standardbacking
propokerbacking,ProPokerBacking,,en,stable,https://www.instagram.com/propokerbacking/,busca,backing de jogadores de poker,,na_fonte,,,,,,MTT a confirmar
gto_lab,GTO LAB,,en,site_treino,https://www.instagram.com/gto_lab/,busca,"MTT Poker Coaching + GTO Trainer, bootcamp WSOP",,na_fonte,,,,,,
mechanicsofpoker,Mechanics of Poker,,en,escola,https://www.instagram.com/mechanicsofpoker/,busca,comunidade/aprendizado de poker,,na_fonte,,,,,,MTT a confirmar
simplepoker,Simple Poker,,en,site_treino,https://www.instagram.com/simplepoker/,busca,solver GTO e trainer; 100k+ jogadores,,na_fonte,,,,,,MTT/ICM a confirmar; Simple Postflop e produto relacionado
deepsolver,Deepsolver,,en,site_treino,https://www.instagram.com/deepsolver/,busca,app para aprender GTO/exploitative,,na_fonte,,,,,,
lucidpokertrainer,Lucid Poker,,en,site_treino,https://www.instagram.com/lucidpokertrainer/,busca,trainer de poker,,na_fonte,,,,,,MTT a confirmar
hybridpoker,Hybrid Poker,,en,site_treino,https://www.instagram.com/hybridpoker/,busca,modelo adaptativo de treino GTO,,na_fonte,,,,,,MTT a confirmar
playpokerskill,Poker Skill App,,en,site_treino,https://www.instagram.com/playpokerskill/,busca,app de skill poker,,na_fonte,,,,,,MTT a confirmar
learnpropokerofficial,Learn Pro Poker,,en,site_treino,https://www.instagram.com/learnpropokerofficial/,busca,treino de poker,,na_fonte,,,,,,MTT a confirmar
vipgrinderspoker,VIP-Grinders,,en,comunidade,https://www.instagram.com/vipgrinderspoker/,busca,"afiliado, rake races, freerolls; guias de staking",,na_fonte,,,,,,
cardgrinders,Card Grinders,,en,stable,https://www.instagram.com/cardgrinders/,busca,"forma jogadores profissionais, foco Spin&Go/HUSNG",,na_fonte,,,,,,foco nao-MTT classico
op.poker,OP Poker,,en,comunidade,https://www.instagram.com/op.poker/,busca,comunidade Spin&Go com parceiros Twitch,,na_fonte,,,,,,foco Spin&Go
pokeren.nl,Pokeren.nl,NL,nl,comunidade,https://www.instagram.com/pokeren.nl/,busca,maior comunidade de poker da Holanda,,na_fonte,,,,,,MTT a confirmar
nicocoachpoker,Nico Coach Poker,FR,fr,escola,https://www.instagram.com/nicocoachpoker/,busca,"coach frances, formacao online, torneios partypoker",,na_fonte,,,,,,
neuronpoker,Aaron (neuronpoker),,en,escola,https://www.instagram.com/neuronpoker/,busca,coaching poker,,na_fonte,,,,,,MTT a confirmar
winamax,Winamax Poker (Team Pro),FR,fr,time,https://www.instagram.com/winamax/,patrocinio,Team Winamax Pro (~15 pros 2018); WPT Winamax,Winamax,na_fonte,15,,,,,conta da sala; tamanho de 2018
winamax_espana,Winamax Poker Espana,ES,es,time,https://www.instagram.com/winamax_espana/,patrocinio,conta ES da sala,Winamax,na_fonte,,,,,,
sitbonjulien,Julien Sitbon,FR,fr,time,https://www.instagram.com/sitbonjulien/,patrocinio,bio: Team Pro Winamax,Winamax,na_fonte,,,,,,jogador individual
romainlewis_,Romain Lewis,GB,en,time,https://www.instagram.com/romainlewis_/,patrocinio,bio: embaixador Winamax,Winamax,na_fonte,,,,,,jogador individual
wptglobal,WPT Global,,en,time,https://www.instagram.com/wptglobal/,patrocinio,sala online WPT Global com embaixadores MTT,WPT Global,na_fonte,,,,,,~36k seg
wptglobalca,WPT Global Canada,CA,en,time,https://www.instagram.com/wptglobalca/,patrocinio,conta regional da sala,WPT Global,na_fonte,,,,,,
partypokerlive,partypoker Live,,en,time,https://www.instagram.com/partypokerlive/,patrocinio,sala/circuito partypoker,partypoker,na_fonte,,,,,,
partypoker,PartyPoker,,en,time,https://www.instagram.com/partypoker/,patrocinio,conta da sala,partypoker,na_fonte,,,,,,
poker888poker,888poker,,en,time,https://www.instagram.com/poker888poker/,patrocinio,conta 888poker,888poker,na_fonte,,,,,,nao confirmado como oficial global
888pokerspain,888poker Espana,ES,es,time,https://www.instagram.com/888pokerspain/,patrocinio,conta ES da sala,888poker,na_fonte,,,,,,
ggpoker,GGPoker,,en,time,https://www.instagram.com/ggpoker/,patrocinio,"Team GGPoker (Negreanu, Holz, Martin, Mizrachi, ElkY...)",GGPoker,na_fonte,,,,,,
ggpokerde,GGPoker Deutschland,DE,de,time,https://www.instagram.com/ggpokerde/,patrocinio,conta regional,GGPoker,na_fonte,,,,,,
ggpokerpolska,GGPoker Polska,PL,pl,time,https://www.instagram.com/ggpokerpolska/,patrocinio,conta regional,GGPoker,na_fonte,,,,,,
ggpokersuomi,GGPoker Suomi,FI,fi,time,https://www.instagram.com/ggpokersuomi/,patrocinio,conta regional,GGPoker,na_fonte,,,,,,
ggpoker_ua,GG Poker UA,UA,uk,time,https://www.instagram.com/ggpoker_ua/,patrocinio,conta regional,GGPoker,na_fonte,,,,,,
ggpokerindia,GGPoker India,IN,en,time,https://www.instagram.com/ggpokerindia/,patrocinio,conta regional,GGPoker,na_fonte,,,,,,
japan.top.team,Japan Top Team,JP,ja,time,https://www.instagram.com/japan.top.team/,busca,time japones de poker (bio nao detalhada),,na_fonte,,,,,,MTT a confirmar
kkpokerjapan,KK Japan Poker Club,JP,ja,comunidade,https://www.instagram.com/kkpokerjapan/,busca,clube KKPoker Japao,,na_fonte,,,,,,nao MTT-treino
pokerfluency,Matt Hunt (Poker Fluency),,en,escola,https://www.instagram.com/pokerfluency/,busca,"coach de GTO, diz clientes com 5M+ de ganhos",,na_fonte,,,,,,coach individual; MTT a confirmar
descartespoker,JuanMa Gonzalez Poker & Coach Online,ES,es,escola,https://www.instagram.com/descartespoker/,busca,coach online de poker,,na_fonte,,,,,,MTT a confirmar; ja ha juanmalakastyle em latam.csv (outro perfil)
elitepokercoach,Elite Poker Coaching,,en,escola,https://www.instagram.com/elitepokercoach/,busca,coaching de poker,,na_fonte,,,,,,conta pequena; MTT a confirmar
academy_poker,Akademiya Pokera,RU,ru,escola,https://www.instagram.com/academy_poker/,busca,"curso de poker, 80 mil formados (bio)",,na_fonte,,,,,,MTT a confirmar
asiapokeracademy,Asia Poker Academy,,,escola,https://www.instagram.com/asiapokeracademy/,busca,academia de poker asiatica,,na_fonte,,,,,,pais e MTT a confirmar
mypokeracademy,Poker Academy,,en,escola,https://www.instagram.com/mypokeracademy/,busca,academia de poker,,na_fonte,,,,,,MTT a confirmar
atpokerteam,AT Poker Team,RO,ro,time,https://www.instagram.com/atpokerteam/,busca,bio: Team GG Romania; freerolls e maos,GGPoker,na_fonte,,,,,,
natural8,Natural8 (N8 Official),,en,time,https://www.instagram.com/natural8/,patrocinio,"maior sala asiatica; Team Hot, embaixadores MTT",Natural8,na_fonte,,,,,,~29k seg; status da sala incerto
natural8.th,Natural8 Thailand,TH,th,time,https://www.instagram.com/natural8.th/,patrocinio,conta regional,Natural8,na_fonte,,,,,,
natural8.taiwan,Natural8 Taiwan,TW,zh,time,https://www.instagram.com/natural8.taiwan/,patrocinio,conta regional,Natural8,na_fonte,,,,,,
natural8indiaofficial,Natural8 India,IN,en,time,https://www.instagram.com/natural8indiaofficial/,patrocinio,conta regional,Natural8,na_fonte,,,,,,
coinpoker,CoinPoker,,en,time,https://www.instagram.com/coinpoker/,patrocinio,sala cripto; parceiros e embaixadores individuais,CoinPoker,na_fonte,,,,,,~23k seg
consciouspoker,Conscious Poker (Poker Strategy & Coaching),,en,site_treino,https://www.instagram.com/consciouspoker/,busca,programa de 8 semanas + newsletter; listado no PokerNews,,na_fonte,,,,,,MTT a confirmar
pokerstrategy_english,PokerStrategy.com,,en,site_treino,https://www.instagram.com/pokerstrategy_english/,busca,"escola online gratuita de poker, forum",,na_fonte,,support@pokerstrategy.com,https://www.pokerstrategy.com,,https://www.pokerstrategy.com/home/support/,"email de suporte, nao parceria; sem contato comercial publico"
bbzdrummond,Jordan Drummond (fundador BBZ),CA,en,stable,https://www.instagram.com/bbzdrummond/,coach_stable,fundador/CEO/head coach do BBZ Poker (9 coaches listados),,na_fonte,9,,,,,"BBZ tem BBZ Academy, BBZ Latam e BBZ Italy"
pekarstas,Obuchenie pokeru PekarStas,RU,ru,escola,https://www.instagram.com/pekarstas/,busca,ensino de poker,,na_fonte,,,,,,MTT a confirmar
winwinpoker,Win-Win Poker School (Spin&Go),RU,ru,escola,https://www.instagram.com/winwinpoker/,busca,escola de poker Spin&Go,,na_fonte,,,,,,foco Spin&Go
sportpokerkz,Poker Kazakhstana,KZ,ru,comunidade,https://www.instagram.com/sportpokerkz/,busca,noticias de poker no Cazaquistao,,na_fonte,,,,,,
poker_school_,Poker school by Grand Victory,UA,ru,escola,https://www.instagram.com/poker_school_/,busca,"escola ucraniana para mulheres, online e offline",,na_fonte,,,,,,MTT a confirmar
,Jaka Coaching,,,site_treino,https://www.pokernews.com/poker-coaching/jaka-coaching/ext/,coach_stable,"coaching MTT/solver; 11 coaches (Jaka, Rabichow, Loosli, Gathy...)",,nome_sem_handle,11,hello@jakacoaching.com,https://www.jakacoaching.com,,https://jakacoaching.com/pages/contact_us,email do site de coaching (suporte/geral)
,Hand2Note,,,site_treino,https://www.hand2note.com,busca,HUD/software para profissionais (MTT suportado),,nome_sem_handle,,support@hand2note.com,https://www.hand2note.com,,https://www.hand2note.com/AboutUs,"support@ e suporte; parceria: andrii.plakhotnyi@hand2note.com (literal na pagina AboutUs, contato de parcerias)"
,HoldemResources (HRC),AT,en,site_treino,https://holdemresources.net,busca,"calculadora ICM/solver MTT, GmbH Viena",,nome_sem_handle,,,https://holdemresources.net,,https://discord.holdemresources.net,sem email; contato so via Discord; GmbH Viena
,ICMIZER,,,site_treino,https://www.icmizer.com,busca,ICM/preflop e Postflopizer,,nome_sem_handle,,,https://www.icmizer.com,,,sem contato publico na home
,PioSOLVER,,,site_treino,https://piosolver.com,busca,solver GTO holdem,,nome_sem_handle,,,https://piosolver.com,,,sem contato na home
,Advanced Poker Training,US,en,site_treino,https://www.pokertraining.com/,ranking,"simulador de treino cash/SNG/MTT, pros: Fitzgerald, James...",,nome_sem_handle,,,https://www.pokertraining.com,,,
,Tournament Poker Edge,US,en,site_treino,https://www.tournamentpokeredge.com,busca,"treino de torneios, foruns, podcasts (Online Gaming Edge LLC)",,nome_sem_handle,,,https://www.tournamentpokeredge.com,,https://www.tournamentpokeredge.com/contact-us/,contato so por formulario
,StakeKings,,,stable,https://www.pokernews.com/poker-staking.htm,ranking,exchange de staking; tambem YouStake redireciona,,nome_sem_handle,,,https://stakekings.com,,,plataforma de staking (youstake.com redireciona)
