lista,handle,instagram_url,dm_link,nome,pais,idioma,seguidores,posts_semana,engajamento,tipo,publi,encaixe,motivo_encaixe,status_api,filtro_5k,handle_confianca,fonte_url,motivo_mtt,email,site_ou_link,agencia,fonte_contato,obs_contato
brasil,aakkari,https://www.instagram.com/aakkari/,https://ig.me/m/aakkari,André Akkari,BR,pt,,,,jogador,PokerStars,médio,Jogador de MTT; falta confirmar se produz conteúdo de estudo.,sem_api,nao_verificado,na_fonte,https://www.instagram.com/aakkari/,bio: poker ambassador; matérias o citam como PokerStars Team Pro,,,9ine (agencia de comunicacao/marketing esportivo),https://maquinadoesporte.com.br/?p=20925,materia sem data; vinculo atual nao confirmado; bio indexada sem contato
brasil,rafaelmoraesgm,https://www.instagram.com/rafaelmoraesgm/,https://ig.me/m/rafaelmoraesgm,Rafael Moraes,BR,pt,,,,jogador,PokerStars,médio,Jogador de MTT; falta confirmar se produz conteúdo de estudo.,sem_api,nao_verificado,na_fonte,https://www.instagram.com/rafaelmoraesgm/,bio: Team Pro PokerStars; CEO BSOP,,,,,nada_publico
brasil,felipemojave,https://www.instagram.com/felipemojave/,https://ig.me/m/felipemojave,Felipe Mojave Ramos,BR,pt,,,,jogador,GGPoker,médio,Jogador de MTT; falta confirmar se produz conteúdo de estudo.,sem_api,nao_verificado,na_fonte,https://www.instagram.com/felipemojave/,matérias: capitão Team GGPoker Brasil; coach PokerStrategy em MTT,,,"PokerStrategy.com (coach contratado, segundo busca)",https://www.pokerstrategy.com/pt/?p=10726,pagina PokerStrategy sem contato direto; bio indexada sem e-mail; nada_publico
brasil,yurinerdguy,https://www.instagram.com/yurinerdguy/,https://ig.me/m/yurinerdguy,Yuri Martins Dzivielevski (theNERDguy),BR,pt,,,,jogador,,médio,Jogador de MTT; falta confirmar se produz conteúdo de estudo.,sem_api,nao_verificado,na_fonte,https://www.instagram.com/yurinerdguy/,ranking de ganhos ao vivo; bio: 5x WSOP,,,,,nada_publico
brasil,oliviogontijo,https://www.instagram.com/oliviogontijo/,https://ig.me/m/oliviogontijo,Olivio Gontijo (Bigfat),BR,pt,,,,jogador,CoinPoker,alto,Jogador de MTT que produz conteúdo/estudo em canal próprio.,sem_api,nao_verificado,na_fonte,https://www.instagram.com/oliviogontijo/,streamer Twitch diário de poker; CardPlayer,,,,https://www.instagram.com/oliviogontijo/,"bio indexada diz aberto a parcerias de marcas, mas sem e-mail/link indexado"
brasil,danie10liveira,https://www.instagram.com/danie10liveira/,https://ig.me/m/danie10liveira,Daniel Oliveira (Dan 10),BR,pt,,,,jogador,WPT Global,médio,Jogador de MTT; falta confirmar se produz conteúdo de estudo.,sem_api,nao_verificado,na_fonte,https://www.instagram.com/danie10liveira/,bio: campeão WPT e jogador oficial WPT Global Brasil,,,,,nada_publico
brasil,pitaoufmg,https://www.instagram.com/pitaoufmg/,https://ig.me/m/pitaoufmg,Peter Patrício,BR,pt,,,,jogador,,médio,Jogador de MTT; falta confirmar se produz conteúdo de estudo.,sem_api,nao_verificado,na_fonte,https://www.instagram.com/pitaoufmg/,bio: campeão mundial WSOP 2025; CEO Samba Poker,,,,,nada_publico
brasil,leofoliveira,https://www.instagram.com/leofoliveira/,https://ig.me/m/leofoliveira,Léo Oliveira,BR,pt,,,,coach,,alto,"Ensina MTT a um público que estuda, sem ferramenta de estudo concorrente na fonte.",sem_api,nao_verificado,na_fonte,https://www.instagram.com/leofoliveira/,bio: especialista PKO; instrutor Suits Poker Team,,,,,nada_publico
brasil,felipephil,https://www.instagram.com/felipephil/,https://ig.me/m/felipephil,Felipe de Paulo,BR,pt,,,,coach,PokerStars,alto,"Ensina MTT a um público que estuda, sem ferramenta de estudo concorrente na fonte.",sem_api,nao_verificado,na_fonte,https://www.instagram.com/felipephil/,bio: jogador e coach Heroes Poker Team; comentarista PokerStars Brasil,,,,,nada_publico
brasil,tgrigoletti,https://www.instagram.com/tgrigoletti/,https://ig.me/m/tgrigoletti,Thiago Grigoletti,BR,pt,,,,coach,,alto,"Ensina MTT a um público que estuda, sem ferramenta de estudo concorrente na fonte.",sem_api,nao_verificado,na_fonte,https://www.instagram.com/tgrigoletti/,bio: CEO Step Team e fundador Step School; aulas,,,,,nada_publico
brasil,luizftorres14,https://www.instagram.com/luizftorres14/,https://ig.me/m/luizftorres14,Luiz Fernando Torres,BR,pt,,,,jogador,WPT Global,alto,Jogador de MTT que produz conteúdo/estudo em canal próprio.,sem_api,nao_verificado,na_fonte,https://www.instagram.com/luizftorres14/,bio: jogador profissional e streamer; menciona WPT Global,,,,,nada_publico
brasil,marcosepa,https://www.instagram.com/marcosepa/,https://ig.me/m/marcosepa,Marcos Epaminondas,BR,pt,,,,jogador,CoinPoker,alto,Jogador de MTT que produz conteúdo/estudo em canal próprio.,sem_api,nao_verificado,na_fonte,https://www.instagram.com/marcosepa/,bio: jogador profissional e streamer,,,,,nada_publico
brasil,joaosimao_oficial,https://www.instagram.com/joaosimao_oficial/,https://ig.me/m/joaosimao_oficial,João Simão,BR,pt,,,,jogador,,médio,Jogador de MTT; falta confirmar se produz conteúdo de estudo.,sem_api,nao_verificado,na_fonte,https://www.instagram.com/joaosimao_oficial/,citado entre brasileiros de destaque em WSOP,,,,,nada_publico
brasil,thedecano,https://www.instagram.com/thedecano/,https://ig.me/m/thedecano,Thiago Decano,BR,pt,,,,coach,,alto,"Ensina MTT a um público que estuda, sem ferramenta de estudo concorrente na fonte.",sem_api,nao_verificado,na_fonte,https://www.instagram.com/thedecano/,bio: campeão WSOP e online; mais de 5000 alunos (auto-declarado); citado em matérias; handle thiagodecano quase vazio,,,,,nada_publico
brasil,pvigar,https://www.instagram.com/pvigar/,https://ig.me/m/pvigar,Pedro Garagnani,BR,pt,,,,jogador,PokerStars,médio,Jogador de MTT; falta confirmar se produz conteúdo de estudo.,sem_api,nao_verificado,na_fonte,https://www.instagram.com/pvigar/,bio: jogador PokerStars online POY 2021,,,,,nada_publico
brasil,otsukaxd,https://www.instagram.com/otsukaxd/,https://ig.me/m/otsukaxd,Leonardo Otsuka,BR,pt,,,,midia,Goodfellas Poker,baixo,"Mídia/conta institucional: alcance, mas não é voz de estudo individual.",sem_api,nao_verificado,na_fonte,https://www.instagram.com/otsukaxd/,bio: PokerVlogger; parceria Goodfellas Poker; verificar foco MTT,,,parceria citada na bio: @goodfellaspoker,https://www.instagram.com/otsukaxd/,bio indexada sem email
brasil,kelvinkerber,https://www.instagram.com/kelvinkerber/,https://ig.me/m/kelvinkerber,Kelvin Kerber,BR,pt,,,,coach,,alto,"Ensina MTT a um público que estuda, sem ferramenta de estudo concorrente na fonte.",sem_api,nao_verificado,na_fonte,https://www.instagram.com/kelvinkerber/,bio: head coach e fundador do Samba Poker,,,,,nada_publico
brasil,nataliehoframos,https://www.instagram.com/nataliehoframos/,https://ig.me/m/nataliehoframos,Natalie Hof Ramos,BR,pt,,,,jogador,,médio,Jogador de MTT; falta confirmar se produz conteúdo de estudo.,sem_api,nao_verificado,na_fonte,https://www.instagram.com/nataliehoframos/reels/,PokerNews cita Natalie Hof como jogadora; bio não confirma poker; verificar,,,,,nada_publico
brasil,sambapokerteam,https://www.instagram.com/sambapokerteam/,https://ig.me/m/sambapokerteam,Samba Poker Team,BR,pt,,,,stable,,alto,"Ensina MTT a um público que estuda, sem ferramenta de estudo concorrente na fonte.",sem_api,nao_verificado,na_fonte,https://www.instagram.com/sambapokerteam/,time de poker brasileiro com divisões LATAM,,,,,nada_publico
brasil,suitspokerteam,https://www.instagram.com/suitspokerteam/,https://ig.me/m/suitspokerteam,Suits Poker Team,BR,pt,,,,stable,,alto,"Ensina MTT a um público que estuda, sem ferramenta de estudo concorrente na fonte.",sem_api,nao_verificado,na_fonte,https://www.instagram.com/suitspokerteam/,bio: primeiro time PKO do mundo,,https://suitspokerteam.com.br,,https://www.suitspokerteam.com.br,site oficial so com formulario Typeform de recrutamento; sem e-mail
brasil,midaspokerteam,https://www.instagram.com/midaspokerteam/,https://ig.me/m/midaspokerteam,Midas Team,BR,pt,,,,stable,,alto,"Ensina MTT a um público que estuda, sem ferramenta de estudo concorrente na fonte.",sem_api,nao_verificado,na_fonte,https://www.instagram.com/midaspokerteam/,time de poker desde 2012 com instrutores; anuncia na Meta,,https://www.midasteam.com.br,,https://www.midasteam.com.br,site oficial com botao Fale conosco por WhatsApp (processo seletivo); sem e-mail
brasil,heroespokerteam,https://www.instagram.com/heroespokerteam/,https://ig.me/m/heroespokerteam,Heroes Poker Team,BR,pt,,,,stable,,alto,"Ensina MTT a um público que estuda, sem ferramenta de estudo concorrente na fonte.",sem_api,nao_verificado,na_fonte,https://www.instagram.com/heroespokerteam/,time de poker brasileiro,,,,,nada_publico
brasil,stepschoolpoker,https://www.instagram.com/stepschoolpoker/,https://ig.me/m/stepschoolpoker,Step School,BR,pt,,,,coach,,alto,"Ensina MTT a um público que estuda, sem ferramenta de estudo concorrente na fonte.",sem_api,nao_verificado,na_fonte,https://www.instagram.com/stepschoolpoker/,escola de poker com Grigoletti e Leo Carneiro,,,,,nada_publico
brasil,reglifepoker,https://www.instagram.com/reglifepoker/,https://ig.me/m/reglifepoker,Reg Life Escola de Poker,BR,pt,,,,coach,,alto,"Ensina MTT a um público que estuda, sem ferramenta de estudo concorrente na fonte.",sem_api,nao_verificado,na_fonte,https://www.instagram.com/reglifepoker/,escola de poker anunciante na Meta (anúncios também sob a página do Yuri theNERDguy); ~66k seguidores,,https://reglife.com.br/atendimento/,,https://www.reglife.com.br,pagina de atendimento do site; sem e-mail publicado; empresa do app: WAID Tecnologia da Informacao Ltda (loja de apps)
brasil,pokerlab,https://www.instagram.com/pokerlab/,https://ig.me/m/pokerlab,PokerLAB,BR,pt,,,,coach,,alto,"Ensina MTT a um público que estuda, sem ferramenta de estudo concorrente na fonte.",sem_api,nao_verificado,na_fonte,https://www.instagram.com/pokerlab/,academia online e time profissional; fundador Ramon Sfalsin segundo Folha Vitória,,https://grupo.pokerlab.com.br,,https://grupo.pokerlab.com.br/blog/pokerlab-ecosystem,site do grupo citado em blog; email nao localizado
brasil,curitibapokerschool,https://www.instagram.com/curitibapokerschool/,https://ig.me/m/curitibapokerschool,Curitiba Poker School,BR,pt,,,,coach,,alto,"Ensina MTT a um público que estuda, sem ferramenta de estudo concorrente na fonte.",sem_api,nao_verificado,na_fonte,https://www.instagram.com/curitibapokerschool/,escola 1x1 de poker,,,,https://www.instagram.com/curitibapokerschool/,bio indexada lista WhatsApp como contato (numero nao registrado aqui); sem site/e-mail
brasil,cncpokerbr,https://www.instagram.com/cncpokerbr/,https://ig.me/m/cncpokerbr,CNC Poker Brasil,BR,pt,,,,coach,,alto,"Ensina MTT a um público que estuda, sem ferramenta de estudo concorrente na fonte.",sem_api,nao_verificado,na_fonte,https://www.instagram.com/cncpokerbr/,aulas 1-1 e sessões com jogadores brasileiros,,,,https://www.instagram.com/cncpokerbr/,bio indexada sem e-mail; sem site localizado
brasil,geracaopropoker,https://www.instagram.com/geracaopropoker/,https://ig.me/m/geracaopropoker,Geração Pró,BR,pt,,,,coach,,alto,"Ensina MTT a um público que estuda, sem ferramenta de estudo concorrente na fonte.",sem_api,nao_verificado,na_fonte,https://www.instagram.com/geracaopropoker/,bio: plataforma de ensino de poker,,,,,nada_publico
brasil,teamexploitpoker,https://www.instagram.com/teamexploitpoker/,https://ig.me/m/teamexploitpoker,Exploit Poker Team Portugal & Brasil,PT,pt,,,,stable,,alto,"Ensina MTT a um público que estuda, sem ferramenta de estudo concorrente na fonte.",sem_api,nao_verificado,na_fonte,https://www.instagram.com/teamexploitpoker/,coaching e staking de MTT; anuncia na Meta no BR,,,,https://www.instagram.com/teamexploitpoker/,bio: coaching e staking MTT; sem site/email indexado
brasil,evolutionpoker_,https://www.instagram.com/evolutionpoker_/,https://ig.me/m/evolutionpoker_,Evolution Poker,PT,pt,,,,stable,,alto,"Ensina MTT a um público que estuda, sem ferramenta de estudo concorrente na fonte.",sem_api,nao_verificado,na_fonte,https://www.instagram.com/evolutionpoker_/,equipe de MTTs recrutando (pt de Portugal pelo texto),,,,,nada_publico
brasil,naza114_oficial,https://www.instagram.com/naza114_oficial/,https://ig.me/m/naza114_oficial,João Vieira (naza114),PT,pt,,,,jogador,Winamax,médio,Jogador de MTT; falta confirmar se produz conteúdo de estudo.,sem_api,nao_verificado,na_fonte,https://www.instagram.com/naza114_oficial/,bio: alto nível em torneios; time Winamax; provável Portugal,,,,,nada_publico
brasil,polarizepoker_,https://www.instagram.com/polarizepoker_/,https://ig.me/m/polarizepoker_,Polarize Poker,PT,pt,,,,stable,,alto,"Ensina MTT a um público que estuda, sem ferramenta de estudo concorrente na fonte.",sem_api,nao_verificado,na_fonte,https://www.instagram.com/polarizepoker_/,stable MTT com staking; anuncia em pt; handle citado em título de anúncio Meta,,,,,nada_publico
brasil,pokerlifebrasil,https://www.instagram.com/pokerlifebrasil/,https://ig.me/m/pokerlifebrasil,PokerLife Brasil,BR,pt,,,,midia,,baixo,"Mídia/conta institucional: alcance, mas não é voz de estudo individual.",sem_api,nao_verificado,na_fonte,https://www.instagram.com/pokerlifebrasil/,notícias podcast live stream de poker,,,,,nada_publico
brasil,mundopokerbr,https://www.instagram.com/mundopokerbr/,https://ig.me/m/mundopokerbr,MundoPoker,BR,pt,,,,midia,,baixo,"Mídia/conta institucional: alcance, mas não é voz de estudo individual.",sem_api,nao_verificado,na_fonte,https://www.instagram.com/mundopokerbr/,portal de poker com cobertura de eventos,contato@mundopoker.com.br,https://www.mundopoker.com.br,,https://www.mundopoker.com.br,email de contato geral no rodape; sem email comercial separado
brasil,bsopoficial,https://www.instagram.com/bsopoficial/,https://ig.me/m/bsopoficial,BSOP Oficial,BR,pt,,,,midia,,baixo,"Mídia/conta institucional: alcance, mas não é voz de estudo individual.",sem_api,nao_verificado,na_fonte,https://www.instagram.com/bsopoficial/,circuito de torneios BSOP,,https://bsop.com.br,"Cris Moraes Comunicacao (assessoria de imprensa, segundo materia)",https://grandesnomesdapropaganda.com.br/?p=184899,email de suporte ofuscado no site; pagina /imprensa/ sem email; vinculo da agencia pode estar desatualizado
brasil,brasilpoker,https://www.instagram.com/brasilpoker/,https://ig.me/m/brasilpoker,Brasil Poker,BR,pt,,,,midia,,baixo,"Mídia/conta institucional: alcance, mas não é voz de estudo individual.",sem_api,nao_verificado,na_fonte,https://www.instagram.com/brasilpoker/,clubes online e conteúdo,,https://brasilpoker.com.br/contato/,,https://brasilpoker.com.br/contato/,formulario de contato e grupo de WhatsApp no site; sem e-mail
brasil,livepokerbr,https://www.instagram.com/livepokerbr/,https://ig.me/m/livepokerbr,Live Poker BR,BR,pt,,,,midia,Suprema,baixo,"Mídia/conta institucional: alcance, mas não é voz de estudo individual.",sem_api,nao_verificado,na_fonte,https://www.instagram.com/livepokerbr/,divulga torneios em clube Suprema,,,,,nada_publico
brasil,_pokerbrasil,https://www.instagram.com/_pokerbrasil/,https://ig.me/m/_pokerbrasil,Poker Brasil,BR,pt,,,,midia,,baixo,"Mídia/conta institucional: alcance, mas não é voz de estudo individual.",sem_api,nao_verificado,na_fonte,https://www.instagram.com/_pokerbrasil/,publica conteúdo de jogador profissional desde 2004,,,,,nada_publico
brasil,peco_lico,https://www.instagram.com/peco_lico/,https://ig.me/m/peco_lico,PecoLico Poker e Resenha,BR,pt,,,,midia,,baixo,"Mídia/conta institucional: alcance, mas não é voz de estudo individual.",sem_api,nao_verificado,na_fonte,https://www.instagram.com/peco_lico/,canal YouTube e lives Twitch de poker; handle é peco_lico,,,,https://www.instagram.com/peco_lico/,bio cita Twitch/YouTube e patrocinadores Live Sponsors Brasil e SOS Fichas; sem e-mail
brasil,pamelabalzano,https://www.instagram.com/pamelabalzano/,https://ig.me/m/pamelabalzano,Pamsi,BR,es,,,,midia,GGPoker,baixo,"Mídia/conta institucional: alcance, mas não é voz de estudo individual.",sem_api,nao_verificado,na_fonte,https://www.instagram.com/pamelabalzano/,divulga bônus GGPoker; afiliada; texto em espanhol,,twitch.tv/pamelabalzano,,https://www.pokernews.com/news/2019/08/pamela-balzano-represents-argentinian-poker-35133.htm,redes dela (2019); sem email
brasil,brazilianpokerplayers,https://www.instagram.com/brazilianpokerplayers/,https://ig.me/m/brazilianpokerplayers,Brazilian Poker Players,BR,pt,,,,midia,,baixo,"Mídia/conta institucional: alcance, mas não é voz de estudo individual.",sem_api,nao_verificado,na_fonte,https://www.instagram.com/brazilianpokerplayers/,perfil agregador de jogadores brasileiros,,,,,nada_publico
brasil,gtavares.10,https://www.instagram.com/gtavares.10/,https://ig.me/m/gtavares.10,Gabriel Tavares,BR,pt,,,,coach,,alto,"Ensina MTT a um público que estuda, sem ferramenta de estudo concorrente na fonte.",sem_api,nao_verificado,na_fonte,https://www.instagram.com/gtavares.10/,bio: jogador de poker; sócio e head coach Samba Poker; citado como campeão Sunday Million 2020 em matéria PokerNews (vínculo de identidade não confirmado),,,,,nada_publico
brasil,allansheik,https://www.instagram.com/allansheik/,https://ig.me/m/allansheik,Allan Mello (Allan Sheik),BR,pt,,,,jogador,,médio,Jogador de MTT; falta confirmar se produz conteúdo de estudo.,sem_api,nao_verificado,na_fonte,https://www.instagram.com/allansheik/,bio: jogador profissional e sócio Samba Poker,,,,,nada_publico
brasil,yurirodriguess,https://www.instagram.com/yurirodriguess/,https://ig.me/m/yurirodriguess,Yuri Rodrigues,BR,pt,,,,jogador,,médio,Jogador de MTT; falta confirmar se produz conteúdo de estudo.,sem_api,nao_verificado,na_fonte,https://www.instagram.com/yurirodriguess/,bio: jogador profissional de poker no Rio de Janeiro; verificar foco MTT,,,,,nada_publico
brasil,gabriel.vmn,https://www.instagram.com/gabriel.vmn/,https://ig.me/m/gabriel.vmn,Gabriel Nóbrega,BR,pt,,,,jogador,,médio,Jogador de MTT; falta confirmar se produz conteúdo de estudo.,sem_api,nao_verificado,na_fonte,https://www.instagram.com/gabriel.vmn/,bio: títulos BSOP e WSOP Circuit,,,,,nada_publico
brasil,sambapokerlatam,https://www.instagram.com/sambapokerlatam/,https://ig.me/m/sambapokerlatam,Samba LATAM,BR,pt,,,,stable,,alto,"Ensina MTT a um público que estuda, sem ferramenta de estudo concorrente na fonte.",sem_api,nao_verificado,na_fonte,https://www.instagram.com/sambapokerlatam/,divisão LATAM do Samba Poker,,,,,nada_publico
brasil,sambaresenhateam,https://www.instagram.com/sambaresenhateam/,https://ig.me/m/sambaresenhateam,Samba Resenha,BR,pt,,,,stable,,alto,"Ensina MTT a um público que estuda, sem ferramenta de estudo concorrente na fonte.",sem_api,nao_verificado,na_fonte,https://www.instagram.com/sambaresenhateam/,time base do Samba Poker com sócios listados,,,,,nada_publico
brasil,highlimitpokerbrasil,https://www.instagram.com/highlimitpokerbrasil/,https://ig.me/m/highlimitpokerbrasil,High Limit Poker Brasil,BR,pt,,,,midia,,baixo,"Mídia/conta institucional: alcance, mas não é voz de estudo individual.",sem_api,nao_verificado,na_fonte,https://www.instagram.com/highlimitpokerbrasil/,programa de TV de cash high stakes; foco cash (verificar MTT),,,CEO do perfil: Mateus Carrion de Moraes (@zinhaooo),https://www.instagram.com/zinhaooo/,sem e-mail nem site localizados; transmitido em BM&C News e YouTube
brasil,pokercpbr,https://www.instagram.com/pokercpbr/,https://ig.me/m/pokercpbr,Leandro - Poker e Eventos,BR,pt,,,,midia,,baixo,"Mídia/conta institucional: alcance, mas não é voz de estudo individual.",sem_api,nao_verificado,na_fonte,https://www.instagram.com/pokercpbr/,conteúdo e eventos de poker; verificar foco MTT,,,,,nada_publico
brasil,escoladopoker,https://www.instagram.com/escoladopoker/,https://ig.me/m/escoladopoker,Escola Do Poker,BR,pt,,,,midia,,baixo,"Mídia/conta institucional: alcance, mas não é voz de estudo individual.",sem_api,nao_verificado,na_fonte,https://www.instagram.com/escoladopoker/,site de artigos de estratégia; perfil muito pequeno,,,,,nada_publico
latam,steveenriquez,https://www.instagram.com/steveenriquez/,https://ig.me/m/steveenriquez,Steve Enriquez,,es,,,,midia,GGPoker,baixo,"Mídia/conta institucional: alcance, mas não é voz de estudo individual.",sem_api,nao_verificado,na_fonte,https://www.twitchmetrics.net/c/70995358-steveenriquez,streams de torneos GGPoker; bio diz GGPoker Ambassador e PokerGO Espanol,,,,,"nada_publico (tentado: busca IG por handle/nome, busca web; bio indexada sem email/link)"
latam,codigopoker,https://www.instagram.com/codigopoker/,https://ig.me/m/codigopoker,CodigoPoker (canal CodigoPLAY),,es,,,,midia,,baixo,"Mídia/conta institucional: alcance, mas não é voz de estudo individual.",sem_api,nao_verificado,na_fonte,https://www.twitchmetrics.net/c/433168475-codigoplay,autoridad do poker latino; Twitch #44 poker em espanhol,,,,,"nada_publico (tentado: busca IG por handle/nome, busca web; bio indexada sem email/link)"
latam,pamelabalzano,https://www.instagram.com/pamelabalzano/,https://ig.me/m/pamelabalzano,Pamela Balzano (Pamsi),Argentina,es,,,,jugador,GGPoker,médio,Jogador de MTT; falta confirmar se produz conteúdo de estudo.,sem_api,nao_verificado,na_fonte,https://www.forbesargentina.com/lifestyle/de-fotografa-torneos-ser-primera-hispanohablante-sponsoreada-sala-poker-online-mas-grande-mundo-n25513,jogadora e criadora; primeira hispanofalante patrocinada pela GGPoker; Twitch/YouTube,,twitch.tv/pamelabalzano,,https://www.pokernews.com/news/2019/08/pamela-balzano-represents-argentinian-poker-35133.htm,redes dela (2019); sem email
latam,dieventura,https://www.instagram.com/dieventura/,https://ig.me/m/dieventura,Diego Ventura,Peru,es,,,,jugador,GGPoker,médio,Jogador de MTT; falta confirmar se produz conteúdo de estudo.,sem_api,nao_verificado,na_fonte,https://espndeportes.espn.com/poker/nota/_/id/11937718/ventura-llegar-al-team-ggpoker-un-objetivo-que-llevaba-un-buen-tiempo-buscando,embaixador GGPoker; campeao WSOPC online; conteudo sobre preparacao mental,,,,,"nada_publico (tentado: busca IG por handle/nome, busca web; bio indexada sem email/link)"
latam,cstival.pokercoach,https://www.instagram.com/cstival.pokercoach/,https://ig.me/m/cstival.pokercoach,C. Stival Poker Coach (pagina Meta Ads),Argentina,es,,,,coach,,alto,"Ensina MTT a um público que estuda, sem ferramenta de estudo concorrente na fonte.",sem_api,nao_verificado,na_fonte,https://www.facebook.com/ads/library/?id=4133554023597088,anuncios Road to Pro / Lista VIP em ARS; coaching de poker (MTT nao confirmado),,,,,"nada_publico (tentado: busca IG por handle/nome, busca web; bio indexada sem email/link)"
latam,picharapoker_nivel1,https://www.instagram.com/picharapoker_nivel1/,https://ig.me/m/picharapoker_nivel1,Pichara Poker Nivel 1 (pagina Meta Ads),Chile,es,,,,coach,,alto,"Ensina MTT a um público que estuda, sem ferramenta de estudo concorrente na fonte.",sem_api,nao_verificado,na_fonte,https://www.facebook.com/ads/library/?id=2867616356774635,anuncios em CLP de curso de poker; MTT nao confirmado,,,,,"nada_publico (tentado: busca IG por handle/nome, busca web; bio indexada sem email/link)"
latam,adrianvargas_itmpoker,https://www.instagram.com/adrianvargas_itmpoker/,https://ig.me/m/adrianvargas_itmpoker,Adrian Vargas ITM Poker (pagina Meta Ads),Argentina,es,,,,coach,,alto,"Ensina MTT a um público que estuda, sem ferramenta de estudo concorrente na fonte.",sem_api,nao_verificado,na_fonte,https://www.facebook.com/ads/library/?id=1067904689390825,anuncios em ARS de torneos de poker; ITM sugere torneos,,,,,"nada_publico (tentado: busca IG por handle/nome, busca web; bio indexada sem email/link)"
latam,elclubpokergg,https://www.instagram.com/elclubpokergg/,https://ig.me/m/elclubpokergg,El Club Poker GG (pagina Meta Ads),,es,,,,stable,GGPoker,alto,"Ensina MTT a um público que estuda, sem ferramenta de estudo concorrente na fonte.",sem_api,nao_verificado,na_fonte,https://www.facebook.com/ads/library/?id=2239099500338275,anuncios de torneos de poker; clube GG,,,,,"nada_publico (tentado: busca IG por handle/nome, busca web; bio indexada sem email/link)"
latam,trtrica,https://www.instagram.com/trtrica/,https://ig.me/m/trtrica,trtrica (Moon Staking),Mexico,es,,,,stable,,alto,"Ensina MTT a um público que estuda, sem ferramenta de estudo concorrente na fonte.",sem_api,nao_verificado,na_fonte,https://www.facebook.com/ads/library/?id=1434357257921673,anuncios MXN Moon Staking / backing / coaching; foco cash game declarado,,instagram.com/moonstaking,Moon Staking (@moonstaking),https://www.instagram.com/trtrica/,"bio: ""Contact me for backing/coaching""; sem email indexado; conta de staking @moonstaking"
latam,pokermetria,https://www.instagram.com/pokermetria/,https://ig.me/m/pokermetria,Pokermetria (pagina Meta Ads),,es,,,,coach,,alto,"Ensina MTT a um público que estuda, sem ferramenta de estudo concorrente na fonte.",sem_api,nao_verificado,na_fonte,https://www.facebook.com/ads/library/?id=4685880935032400,anuncio GTO em EUR; pode ser Espanha,,,,,"nada_publico (tentado: busca IG por handle/nome, busca web; bio indexada sem email/link)"
latam,mentopoker,https://www.instagram.com/mentopoker/,https://ig.me/m/mentopoker,Mentopoker,,es,,,,coach,,alto,"Ensina MTT a um público que estuda, sem ferramenta de estudo concorrente na fonte.",sem_api,nao_verificado,inferido_da_bio,https://twitchtracker.com/mentopoker | https://www.instagram.com/mentopoker/,escola por assinatura com preflop charts; Twitch e YouTube,,https://v4.mentopoker.com/,Miguel Teus (@teuspoker) fundador,https://www.instagram.com/teuspoker/,bio de teuspoker: fundador/professor @mentopoker; sem email
latam,nach_barbero,https://www.instagram.com/nach_barbero/,https://ig.me/m/nach_barbero,Nacho Barbero,Argentina,es,,,,jugador,WPT Global,médio,Jogador de MTT; falta confirmar se produz conteúdo de estudo.,sem_api,nao_verificado,inferido_da_bio,https://www.pokernews.com/news/2025/09/nacho-barbero-talks-wpt-global-ambassador-deal-49642.htm | https://www.instagram.com/nach_barbero/,bracelete WSOP 2022 turbo bounty; embaixador WPT Global,,,WPT Global (patrocinio),https://www.instagram.com/nach_barbero/,bio: link de parceiro WPT; sem email indexado
latam,nextlevelftp,https://www.instagram.com/nextlevelftp/,https://ig.me/m/nextlevelftp,Alejandro Lococo (Papo),Argentina,es,,,,jugador,PokerStars,médio,Jogador de MTT; falta confirmar se produz conteúdo de estudo.,sem_api,nao_verificado,inferido_da_bio,https://www.pokernews.com/news/2026/10/alejandro-lococo-adds-wcoop-main-event-title-52513.htm | https://www.instagram.com/nextlevelftp/,campeao WCOOP 2026 Main $1050 (X: @PapoMcArg),,,,,"nada_publico (tentado: busca IG por handle/nome, busca web; bio indexada sem email/link)"
latam,marialampropulos,https://www.instagram.com/marialampropulos/,https://ig.me/m/marialampropulos,Maria Lampropulos,Argentina,es,,,,jugador,,médio,Jogador de MTT; falta confirmar se produz conteúdo de estudo.,sem_api,nao_verificado,inferido_da_bio,https://soundsandcolours.com/subjects/travel/who-are-the-best-latino-poker-players-right-now-54463/ | https://www.instagram.com/marialampropulos/,lista de melhores jogadores latinos,,,,,"nada_publico (tentado: busca IG por handle/nome, busca web; bio indexada sem email/link)"
latam,gtopoker,https://www.instagram.com/gtopoker/,https://ig.me/m/gtopoker,Michael Acevedo,Costa Rica,es,,,,coach,GGPoker,alto,"Ensina MTT a um público que estuda, sem ferramenta de estudo concorrente na fonte.",sem_api,nao_verificado,inferido_da_bio,https://espndeportes.espn.com/poker/nota/_/id/11937718/ventura-llegar-al-team-ggpoker-un-objetivo-que-llevaba-un-buen-tiempo-buscando | https://www.instagram.com/gtopoker/,coach MTT GTO e autor Modern Poker Theory; Team GGPoker LatAm,,,,,"nada_publico (tentado: busca IG por handle/nome, busca web; bio indexada sem email/link)"
latam,caarlitospoker,https://www.instagram.com/caarlitospoker/,https://ig.me/m/caarlitospoker,Carlos Camargo,Colombia,es,,,,jugador,GGPoker,médio,Jogador de MTT; falta confirmar se produz conteúdo de estudo.,sem_api,nao_verificado,inferido_da_bio,https://espndeportes.espn.com/poker/nota/_/id/11888541/camargo-intentara-una-version-andina-del-jogo-bonito-al-incorporarse-al-team-ggpoker-brasil | https://www.instagram.com/caarlitospoker/,primeiro hispano no Team GGPoker Brasil,,twitch.tv/carlitosggpoker,Team GGPoker Brasil,https://www.instagram.com/caarlitospoker/,bio: Team Brasil GGPoker; sem email indexado
latam,picharapoker,https://www.instagram.com/picharapoker/,https://ig.me/m/picharapoker,Fabian Pichara (Escuela de Poker),Argentina,es,,,,coach,,alto,"Ensina MTT a um público que estuda, sem ferramenta de estudo concorrente na fonte.",sem_api,nao_verificado,inferido_da_bio,https://www.instagram.com/picharapoker/,"bio: coach e jogador pro, planos cash e MTTs",,,,,"nada_publico (tentado: busca IG por handle/nome, busca web; bio indexada sem email/link)"
latam,alcortanicolas,https://www.instagram.com/alcortanicolas/,https://ig.me/m/alcortanicolas,Nicolas Alcorta,Argentina,es,,,,coach,Flow Poker Team,alto,"Ensina MTT a um público que estuda, sem ferramenta de estudo concorrente na fonte.",sem_api,nao_verificado,inferido_da_bio,https://www.instagram.com/alcortanicolas/,"bio: jogador pro, mentor/coach Efecto Poker, Head Coach LATAM 2026 Flow Poker Team",,instagram.com/efectopoker,Efecto Poker (@efectopoker); Flow Poker Team,https://www.instagram.com/alcortanicolas/,bio: mentor Efecto Poker e Head Coach LATAM Flow Poker Team; sem email indexado
latam,alexromerole,https://www.instagram.com/alexromerole/,https://ig.me/m/alexromerole,Alex Romero,Espana,es,,,,jugador,PokerStars,médio,Jogador de MTT; falta confirmar se produz conteúdo de estudo.,sem_api,nao_verificado,inferido_da_bio,https://www.instagram.com/alexromerole/,bio: embaixador PokerStars Espana e coach Educapoker,,,PokerStars Espana (embaixador); Educapoker,https://www.instagram.com/alexromerole/,bio: embaixador PokerStars Espana e coach Educapoker; sem email indexado
latam,khristianpoker,https://www.instagram.com/khristianpoker/,https://ig.me/m/khristianpoker,Christian Hospina,Panama,es,,,,jugador,LAPT,médio,Jogador de MTT; falta confirmar se produz conteúdo de estudo.,sem_api,nao_verificado,inferido_da_bio,https://www.instagram.com/khristianpoker/,"bio cita titulos LAPT Turbo Deep Stack, CLSOP e Second Chance PGA",,,,,"nada_publico (tentado: busca IG por handle/nome, busca web; bio indexada sem email/link)"
latam,juanmalakastyle,https://www.instagram.com/juanmalakastyle/,https://ig.me/m/juanmalakastyle,Juan Pardo Dominguez,Espana,es,,,,jugador,GGPoker,médio,Jogador de MTT; falta confirmar se produz conteúdo de estudo.,sem_api,nao_verificado,inferido_da_bio,https://www.instagram.com/juanmalakastyle/,"bio: jogador pro, maior ganhador online GGPoker (auto-declarado)",,,,,"nada_publico (tentado: busca IG por handle/nome, busca web; bio indexada sem email/link)"
latam,ellistorc,https://www.instagram.com/ellistorc/,https://ig.me/m/ellistorc,Jorge Martinez,,es,,,,jugador,Educapoker,alto,Jogador de MTT que produz conteúdo/estudo em canal próprio.,sem_api,nao_verificado,inferido_da_bio,https://www.instagram.com/ellistorc/,"bio: streamer e jogador de poker, professor na Educapoker",,,Educapoker,https://www.instagram.com/ellistorc/,bio: professor Educapoker; sem email indexado
latam,lapecerapoker,https://www.instagram.com/lapecerapoker/,https://ig.me/m/lapecerapoker,La Pecera Poker,Mexico,es,,,,coach,GGPoker,alto,"Ensina MTT a um público que estuda, sem ferramenta de estudo concorrente na fonte.",sem_api,nao_verificado,inferido_da_bio,https://www.instagram.com/lapecerapoker/,academia mexicana; ~42k seguidores; codigo bonus GGPoker,,https://www.lapecerapoker.com/pages/contact,,https://www.lapecerapoker.com/pages/contact,so formulario de contato; sem email
latam,lapecerapokeracademy,https://www.instagram.com/lapecerapokeracademy/,https://ig.me/m/lapecerapokeracademy,La Pecera Poker Academy,Mexico,es,,,,coach,,alto,"Ensina MTT a um público que estuda, sem ferramenta de estudo concorrente na fonte.",sem_api,nao_verificado,inferido_da_bio,https://www.instagram.com/lapecerapokeracademy/,academia com mensalidade (MXN),,https://www.lapecerapoker.com/pages/contact,,https://www.lapecerapoker.com/pages/contact,mesma marca; so formulario
latam,educapoker,https://www.instagram.com/educapoker/,https://ig.me/m/educapoker,EducaPoker,Espana,es,,,,coach,,alto,"Ensina MTT a um público que estuda, sem ferramenta de estudo concorrente na fonte.",sem_api,nao_verificado,inferido_da_bio,https://www.instagram.com/educapoker/,"maior escola de poker em espanhol, ~15 anos",,,,,"nada_publico (tentado: busca IG por handle/nome, busca web; bio indexada sem email/link)"
latam,zerospoker,https://www.instagram.com/zerospoker/,https://ig.me/m/zerospoker,Zeros Poker,,es,,,,coach,,alto,"Ensina MTT a um público que estuda, sem ferramenta de estudo concorrente na fonte.",sem_api,nao_verificado,inferido_da_bio,https://www.instagram.com/zerospoker/,curso de poker gratis em espanhol; MTT nao confirmado,soporte@zerospoker.com,https://zerospoker.com,Level Up Videos Limited (Hong Kong),https://zerospkr.com,"email e de soporte, nao comercial"
latam,zerospoker_comunidad,https://www.instagram.com/zerospoker_comunidad/,https://ig.me/m/zerospoker_comunidad,Zerospoker.com,,es,,,,coach,,alto,"Ensina MTT a um público que estuda, sem ferramenta de estudo concorrente na fonte.",sem_api,nao_verificado,inferido_da_bio,https://www.instagram.com/zerospoker_comunidad/,escola de poker em espanhol,soporte@zerospoker.com,https://zerospoker.com,Level Up Videos Limited (Hong Kong),https://zerospkr.com,"email e de soporte, nao comercial"
latam,teamexploitpoker,https://www.instagram.com/teamexploitpoker/,https://ig.me/m/teamexploitpoker,Exploit Poker Team,,es,,,,stable,,alto,"Ensina MTT a um público que estuda, sem ferramenta de estudo concorrente na fonte.",sem_api,nao_verificado,inferido_da_bio,https://www.instagram.com/teamexploitpoker/,coaching e staking de MTT; aulas em es/pt/en,,,,https://www.instagram.com/teamexploitpoker/,bio: coaching e staking MTT; sem site/email indexado
latam,exploitpokrlatina,https://www.instagram.com/exploitpokrlatina/,https://ig.me/m/exploitpokrlatina,Exploit Armada Latina,,es,,,,stable,,alto,"Ensina MTT a um público que estuda, sem ferramenta de estudo concorrente na fonte.",sem_api,nao_verificado,inferido_da_bio,https://www.instagram.com/exploitpokrlatina/,"coaching MTT, 5000h de video em espanhol",,,Exploit Poker Team (@teamexploitpoker),https://www.instagram.com/exploitpokrlatina/,sem email indexado; afiliada do Exploit Poker Team
latam,lptpoker,https://www.instagram.com/lptpoker/,https://ig.me/m/lptpoker,Latinoamerica Poker Team (LPT),,es,,,,stable,,alto,"Ensina MTT a um público que estuda, sem ferramenta de estudo concorrente na fonte.",sem_api,nao_verificado,inferido_da_bio,https://www.instagram.com/lptpoker/,equipe pro que forma jogadores latinos; stream,,,,,"nada_publico (tentado: busca IG por handle/nome, busca web; bio indexada sem email/link)"
latam,coachpokeronline,https://www.instagram.com/coachpokeronline/,https://ig.me/m/coachpokeronline,Coach Poker Online,,es,,,,coach,,alto,"Ensina MTT a um público que estuda, sem ferramenta de estudo concorrente na fonte.",sem_api,nao_verificado,inferido_da_bio,https://www.instagram.com/coachpokeronline/,conteudo gratuito web/Discord/video; MTT nao confirmado,,,,https://www.instagram.com/coachpokeronline/,"bio tem link web e Discord, URL nao legivel no snippet; sem email"
latam,mentoringpokeronline,https://www.instagram.com/mentoringpokeronline/,https://ig.me/m/mentoringpokeronline,Mentoring Poker Online,,es,,,,coach,,alto,"Ensina MTT a um público que estuda, sem ferramenta de estudo concorrente na fonte.",sem_api,nao_verificado,inferido_da_bio,https://www.instagram.com/mentoringpokeronline/,escola gratuita de profissionalizacao,,,,,"nada_publico (tentado: busca IG por handle/nome, busca web; bio indexada sem email/link)"
latam,miguelant90,https://www.instagram.com/miguelant90/,https://ig.me/m/miguelant90,Miguel Antonio,Chile,es,,,,coach,,alto,"Ensina MTT a um público que estuda, sem ferramenta de estudo concorrente na fonte.",sem_api,nao_verificado,inferido_da_bio,https://www.instagram.com/miguelant90/,bio: jogador pro (cash high stakes) e CEO de academia; MTT nao confirmado,,,CEO de @formapoker,https://www.instagram.com/miguelant90/,bio: CEO @formapoker; sem email indexado
latam,pokerstudyspain,https://www.instagram.com/pokerstudyspain/,https://ig.me/m/pokerstudyspain,Poker Study,Espana,es,,,,coach,,alto,"Ensina MTT a um público que estuda, sem ferramenta de estudo concorrente na fonte.",sem_api,nao_verificado,inferido_da_bio,https://www.instagram.com/pokerstudyspain/,conteudo gratis de poker em espanhol,,,,,"nada_publico (tentado: busca IG por handle/nome, busca web; bio indexada sem email/link)"
latam,mttchile,https://www.instagram.com/mttchile/,https://ig.me/m/mttchile,MTTChile,Chile,es,,,,midia,,baixo,"Mídia/conta institucional: alcance, mas não é voz de estudo individual.",sem_api,nao_verificado,inferido_da_bio,https://www.instagram.com/mttchile/,pagina MTT Chile; natureza nao confirmada,,,,,"nada_publico (tentado: busca IG por handle/nome, busca web; bio indexada sem email/link)"
latam,pokerchile.cl,https://www.instagram.com/pokerchile.cl/,https://ig.me/m/pokerchile.cl,PokerChile,Chile,es,,,,midia,,baixo,"Mídia/conta institucional: alcance, mas não é voz de estudo individual.",sem_api,nao_verificado,inferido_da_bio,https://www.instagram.com/pokerchile.cl/,site de poker no Chile,,http://soporte.pokerchile.cl,,https://pokerchile.cl,so portal de suporte; sem email
latam,federacioncolombianadepoker,https://www.instagram.com/federacioncolombianadepoker/,https://ig.me/m/federacioncolombianadepoker,Federacion Colombiana de Poker,Colombia,es,,,,midia,,baixo,"Mídia/conta institucional: alcance, mas não é voz de estudo individual.",sem_api,nao_verificado,inferido_da_bio,https://www.instagram.com/federacioncolombianadepoker/,federacao; calendario de torneios,,,,,"nada_publico (tentado: busca IG por handle/nome, busca web; bio indexada sem email/link)"
latam,circuitoargentinodepoker,https://www.instagram.com/circuitoargentinodepoker/,https://ig.me/m/circuitoargentinodepoker,Circuito Argentino de Poker,Argentina,es,,,,midia,,baixo,"Mídia/conta institucional: alcance, mas não é voz de estudo individual.",sem_api,nao_verificado,inferido_da_bio,https://www.instagram.com/circuitoargentinodepoker/,circuito de torneios oficial,,,,,"nada_publico (tentado: busca IG por handle/nome, busca web; bio indexada sem email/link)"
latam,perupokerpro,https://www.instagram.com/perupokerpro/,https://ig.me/m/perupokerpro,Peru Poker,Peru,es,,,,midia,,baixo,"Mídia/conta institucional: alcance, mas não é voz de estudo individual.",sem_api,nao_verificado,inferido_da_bio,https://www.instagram.com/perupokerpro/,midia do poker peruano; torneios,,,,,"nada_publico (tentado: busca IG por handle/nome, busca web; bio indexada sem email/link)"
latam,uruguaypokerseries,https://www.instagram.com/uruguaypokerseries/,https://ig.me/m/uruguaypokerseries,Uruguay Poker Series,Uruguay,es,,,,midia,,baixo,"Mídia/conta institucional: alcance, mas não é voz de estudo individual.",sem_api,nao_verificado,inferido_da_bio,https://www.instagram.com/uruguaypokerseries/,noticias e torneios do poker uruguaio,,,,,"nada_publico (tentado: busca IG por handle/nome, busca web; bio indexada sem email/link)"
latam,pokernewsespana,https://www.instagram.com/pokernewsespana/,https://ig.me/m/pokernewsespana,PokerNews Espana,Espana,es,,,,midia,PokerNews,baixo,"Mídia/conta institucional: alcance, mas não é voz de estudo individual.",sem_api,nao_verificado,inferido_da_bio,https://www.instagram.com/pokernewsespana/,midia de poker em espanhol,,,,,"nada_publico (tentado: busca IG por handle/nome, busca web; bio indexada sem email/link)"
latam,partypokerlatam,https://www.instagram.com/partypokerlatam/,https://ig.me/m/partypokerlatam,PartyPoker LATAM,,es,,,,midia,partypoker,baixo,"Mídia/conta institucional: alcance, mas não é voz de estudo individual.",sem_api,nao_verificado,inferido_da_bio,https://www.instagram.com/partypokerlatam/,conta regional da sala,,,,,"nada_publico (tentado: busca IG por handle/nome, busca web; bio indexada sem email/link)"
latam,wptglobal.latam,https://www.instagram.com/wptglobal.latam/,https://ig.me/m/wptglobal.latam,WPT Global Latam,,es,,,,midia,WPT Global,baixo,"Mídia/conta institucional: alcance, mas não é voz de estudo individual.",sem_api,nao_verificado,inferido_da_bio,https://www.instagram.com/wptglobal.latam/,conta regional da sala,,,,,"nada_publico (tentado: busca IG por handle/nome, busca web; bio indexada sem email/link)"
latam,ggpokeres,https://www.instagram.com/ggpokeres/,https://ig.me/m/ggpokeres,GGPoker En Espanol,,es,,,,midia,GGPoker,baixo,"Mídia/conta institucional: alcance, mas não é voz de estudo individual.",sem_api,nao_verificado,inferido_da_bio,https://www.instagram.com/ggpokeres/,conta da sala em espanhol,,,,,"nada_publico (tentado: busca IG por handle/nome, busca web; bio indexada sem email/link)"
latam,laptoficial,https://www.instagram.com/laptoficial/,https://ig.me/m/laptoficial,LAPT,,es,,,,midia,PokerStars,baixo,"Mídia/conta institucional: alcance, mas não é voz de estudo individual.",sem_api,nao_verificado,inferido_da_bio,https://www.instagram.com/laptoficial/,perfil oficial Latin American Poker Tour,,,,,"nada_publico (tentado: busca IG por handle/nome, busca web; bio indexada sem email/link)"
latam,acrpokerlatam,https://www.instagram.com/acrpokerlatam/,https://ig.me/m/acrpokerlatam,ACR Poker LATAM,,es,,,,midia,ACR,baixo,"Mídia/conta institucional: alcance, mas não é voz de estudo individual.",sem_api,nao_verificado,inferido_da_bio,https://www.instagram.com/acrpokerlatam/,conta regional da sala,,,,,"nada_publico (tentado: busca IG por handle/nome, busca web; bio indexada sem email/link)"
latam,pppokerarg,https://www.instagram.com/pppokerarg/,https://ig.me/m/pppokerarg,PPPoker Argentina (agente),Argentina,es,,,,stable,PPPoker,alto,"Ensina MTT a um público que estuda, sem ferramenta de estudo concorrente na fonte.",sem_api,nao_verificado,inferido_da_bio,https://www.instagram.com/pppokerarg/,agente de clubes com torneios MTT,,,,,"nada_publico (tentado: busca IG por handle/nome, busca web; bio indexada sem email/link)"
latam,madero.poker,https://www.instagram.com/madero.poker/,https://ig.me/m/madero.poker,Madero Poker,Argentina,es,,,,midia,,baixo,"Mídia/conta institucional: alcance, mas não é voz de estudo individual.",sem_api,nao_verificado,inferido_da_bio,https://www.instagram.com/madero.poker/,sala de Buenos Aires com torneios,,,,,"nada_publico (tentado: busca IG por handle/nome, busca web; bio indexada sem email/link)"
latam,estoespoker,https://www.instagram.com/estoespoker/,https://ig.me/m/estoespoker,Esto es Poker,,es,,,,midia,,baixo,"Mídia/conta institucional: alcance, mas não é voz de estudo individual.",sem_api,nao_verificado,inferido_da_bio,https://www.instagram.com/estoespoker/,conta de poker em espanhol; natureza nao confirmada,,,,,"nada_publico (tentado: busca IG por handle/nome, busca web; bio indexada sem email/link)"
latam,pokerfi.es,https://www.instagram.com/pokerfi.es/,https://ig.me/m/pokerfi.es,PokerFi Espanol,,es,,,,midia,,baixo,"Mídia/conta institucional: alcance, mas não é voz de estudo individual.",sem_api,nao_verificado,inferido_da_bio,https://www.instagram.com/pokerfi.es/,conta de poker em espanhol,,,,,"nada_publico (tentado: busca IG por handle/nome, busca web; bio indexada sem email/link)"
latam,odin_poker,https://www.instagram.com/odin_poker/,https://ig.me/m/odin_poker,Odin Poker,,es,,,,midia,Odin,baixo,"Mídia/conta institucional: alcance, mas não é voz de estudo individual.",sem_api,nao_verificado,inferido_da_bio,https://www.instagram.com/odin_poker/,software com 700k simulacoes GTO,,,,,"nada_publico (tentado: busca IG por handle/nome, busca web; bio indexada sem email/link)"
latam,ggtilt.poker,https://www.instagram.com/ggtilt.poker/,https://ig.me/m/ggtilt.poker,GGTilt Poker (Danilo Chen),,es,,,,coach,,alto,"Ensina MTT a um público que estuda, sem ferramenta de estudo concorrente na fonte.",sem_api,nao_verificado,inferido_da_bio,https://www.instagram.com/ggtilt.poker/,treino mental para poker; MTT nao confirmado,,,GGTILT PRO (treinamento proprio),https://www.instagram.com/ggtilt.poker/,bio PT: GGTILT PRO; sem email indexado
latam,ivan_balzano,https://www.instagram.com/ivan_balzano/,https://ig.me/m/ivan_balzano,Ivan Balzano (patasss),Argentina,es,,,,jugador,,médio,Jogador de MTT; falta confirmar se produz conteúdo de estudo.,sem_api,nao_verificado,inferido_da_bio,https://www.instagram.com/ivan_balzano/,bio: Poker Player; MTT nao confirmado,,,,,"nada_publico (tentado: busca IG por handle/nome, busca web; bio indexada sem email/link)"
ingles,dnegspoker,https://www.instagram.com/dnegspoker/,https://ig.me/m/dnegspoker,Daniel Negreanu,US,en,,,,jogador,GGPoker,médio,Jogador de MTT; falta confirmar se produz conteúdo de estudo.,sem_api,nao_verificado,na_fonte,https://www.pokernews.com/poker-players/daniel-negreanu.htm,"MTT live/online, WSOP; canal YouTube de estrategia",,,"Manager Jim Hess (diretorio, sem e-mail); booking via All American Speakers",https://bookingagentinfo.com/celebrity/daniel-negreanu/,sem_email_publico
ingles,philhellmuthpositivity,https://www.instagram.com/philhellmuthpositivity/,https://ig.me/m/philhellmuthpositivity,Phil Hellmuth,US,en,,,,jogador,,médio,Jogador de MTT; falta confirmar se produz conteúdo de estudo.,sem_api,nao_verificado,na_fonte,https://www.pokernews.com/poker-players/phil-hellmuth.htm,"17 pulseiras WSOP, MTT live",,,,https://www.instagram.com/philhellmuthpositivity/,nada_publico; bio indexada sem e-mail/link no trecho
ingles,jasonkoon,https://www.instagram.com/jasonkoon/,https://ig.me/m/jasonkoon,Jason Koon,US,en,,,,jogador,PokerStars; GGPoker; Run It Once,médio,Jogador de MTT com publi de ferramenta de estudo concorrente.,sem_api,nao_verificado,na_fonte,https://www.pokernews.com/poker-players/jason-koon.htm,Alto buy-in MTT; coach Run It Once,,,Poker Royalty (representacao desde fev/2024),https://www.pokernews.com/news/2024/02/jason-koon-signs-with-poker-royalty-45402.htm,sem_email_publico; confirmar se vigente
ingles,brynkenney,https://www.instagram.com/brynkenney/,https://ig.me/m/brynkenney,Bryn Kenney,US,en,,,,jogador,GGPoker,médio,Jogador de MTT; falta confirmar se produz conteúdo de estudo.,sem_api,nao_verificado,na_fonte,https://www.modash.io/find-influencers/poker/male,Maior vencedor de MTT live (bio); fundador 4Poker,,,,https://www.instagram.com/brynkenney/,nada_publico; bio indexada sem e-mail/link no trecho
ingles,wafoxen,https://www.instagram.com/wafoxen/,https://ig.me/m/wafoxen,Alex Foxen,US,en,,,,jogador,ACR; Chip Leader Coaching,médio,Jogador de MTT; falta confirmar se produz conteúdo de estudo.,sem_api,nao_verificado,na_fonte,https://www.pokernews.com/poker-players/alex-foxen.htm,MTT high roller; coach Chip Leader Coaching,,,Chip Leader Coaching (@clcpoker),https://www.instagram.com/wafoxen/,"bio indexada menciona e-mail de coaching/conteudo, trecho sem o endereco literal; conferir manualmente"
ingles,kristen_foxen,https://www.instagram.com/kristen_foxen/,https://ig.me/m/kristen_foxen,Kristen Foxen,,en,,,,coach,Chip Leader Coaching; WePoker,alto,"Ensina MTT a um público que estuda, sem ferramenta de estudo concorrente na fonte.",sem_api,nao_verificado,na_fonte,https://www.modash.io/find-influencers/poker/female,"Bio: Poker Player, Coach @clcpoker (MTT)",,,Chip Leader Coaching (@clcpoker),https://www.instagram.com/kristen_foxen/,"bio indexada menciona e-mail de coaching, trecho sem o endereco literal; conferir manualmente"
ingles,amadi17,https://www.instagram.com/amadi17/,https://ig.me/m/amadi17,Adrian Mateos,ES,en,,,,jogador,,médio,Jogador de MTT; falta confirmar se produz conteúdo de estudo.,sem_api,nao_verificado,na_fonte,https://www.pokernews.com/poker-players/adrian-mateos.htm,"Estrela MTT, 6 pulseiras WSOP",,,,https://www.instagram.com/amadi17/,nada_publico; bio indexada sem e-mail/link no trecho
ingles,all_in_ali_poker,https://www.instagram.com/all_in_ali_poker/,https://ig.me/m/all_in_ali_poker,Ali Imsirovic,US,en,,,,jogador,,médio,Jogador de MTT; falta confirmar se produz conteúdo de estudo.,sem_api,nao_verificado,na_fonte,https://www.pokernews.com/poker-players/ali-imsirovic.htm,Jogador de MTT high roller,,,,,nada_publico; bio nao indexada pela busca
ingles,barnyboatman,https://www.instagram.com/barnyboatman/,https://ig.me/m/barnyboatman,Barny Boatman,UK,en,,,,jogador,partypoker,médio,Jogador de MTT; falta confirmar se produz conteúdo de estudo.,sem_api,nao_verificado,na_fonte,https://www.pokernews.com/poker-players/barny-boatman.htm,MTT live; embaixador PartyPoker Tour,,,,https://www.instagram.com/barnyboatman/,nada_publico; bio indexada sem e-mail/link no trecho
ingles,ben___heath,https://www.instagram.com/ben___heath/,https://ig.me/m/ben___heath,Ben Heath,UK,en,,,,jogador,,médio,Jogador de MTT; falta confirmar se produz conteúdo de estudo.,sem_api,nao_verificado,na_fonte,https://www.pokernews.com/poker-players/ben-heath.htm,Jogador MTT,,,,https://www.instagram.com/ben___heath/,nada_publico; bio indexada sem e-mail/link no trecho
ingles,bennyglaser_,https://www.instagram.com/bennyglaser_/,https://ig.me/m/bennyglaser_,Benny Glaser,UK,en,,,,jogador,,médio,Jogador de MTT; falta confirmar se produz conteúdo de estudo.,sem_api,nao_verificado,na_fonte,https://www.pokernews.com/poker-players/benny-glaser.htm,9 pulseiras WSOP (PPC 2026),,,,,nada_publico; bio nao indexada pela busca
ingles,seidelpics,https://www.instagram.com/seidelpics/,https://ig.me/m/seidelpics,Erik Seidel,US,en,,,,jogador,,médio,Jogador de MTT; falta confirmar se produz conteúdo de estudo.,sem_api,nao_verificado,na_fonte,https://www.pokernews.com/poker-players/erik-seidel.htm,Lenda do MTT live,,,,https://www.instagram.com/seidelpics/,nada_publico; bio indexada sem e-mail/link no trecho
ingles,rampaagepoker,https://www.instagram.com/rampaagepoker/,https://ig.me/m/rampaagepoker,Ethan Yau,US,en,,,,jogador,WPT Global,médio,Jogador de MTT; falta confirmar se produz conteúdo de estudo.,sem_api,nao_verificado,na_fonte,https://www.pokernews.com/poker-players/ethan-yau.htm,"Vlogger/jogador, MTT e cash live",,,,https://www.instagram.com/rampaagepoker/,bio com link para YouTube e codigo; sem contato no trecho
ingles,iansimpsonpoker,https://www.instagram.com/iansimpsonpoker/,https://ig.me/m/iansimpsonpoker,Ian Simpson,UK,en,,,,jogador,888poker,médio,Jogador de MTT; falta confirmar se produz conteúdo de estudo.,sem_api,nao_verificado,na_fonte,https://www.modash.io/find-influencers/united-kingdom/poker,Campeao Irish Open 2013; MTT,,,,https://www.instagram.com/iansimpsonpoker/,nada_publico; bio indexada sem e-mail/link no trecho
ingles,jeffplatt1,https://www.instagram.com/jeffplatt1/,https://ig.me/m/jeffplatt1,Jeff Platt,,en,,,,jogador,,médio,Jogador de MTT; falta confirmar se produz conteúdo de estudo.,sem_api,nao_verificado,na_fonte,https://www.pokernews.com/poker-players/jeff-platt.htm,Jogador/coach (perfil PokerNews),,,,,nada_publico; bio nao indexada pela busca
ingles,jcardshark,https://www.instagram.com/jcardshark/,https://ig.me/m/jcardshark,Jonathan Little,US,en,,,,coach,,alto,"Ensina MTT a um público que estuda, sem ferramenta de estudo concorrente na fonte.",sem_api,nao_verificado,na_fonte,https://www.pokernews.com/poker-players/jonathan-little.htm,"Coach de MTT, 9 mi USD em torneios live; PokerCoaching.com",,https://www.pokercoaching.com/contact-us/,PokerCoaching.com (empresa),https://www.pokercoaching.com/contact,"so ha e-mail de suporte/reembolso, nao registrado"
ingles,zeejustin,https://www.instagram.com/zeejustin/,https://ig.me/m/zeejustin,Justin Bonomo,US,en,,,,jogador,,médio,Jogador de MTT; falta confirmar se produz conteúdo de estudo.,sem_api,nao_verificado,na_fonte,https://www.pokernews.com/poker-players/justin-bonomo.htm,Alto buy-in MTT,,,,https://www.instagram.com/zeejustin/,nada_publico; bio indexada sem e-mail/link no trecho
ingles,thegrinder44,https://www.instagram.com/thegrinder44/,https://ig.me/m/thegrinder44,Michael Mizrachi,US,en,,,,jogador,GGPoker,médio,Jogador de MTT; falta confirmar se produz conteúdo de estudo.,sem_api,nao_verificado,na_fonte,https://www.pokernews.com/poker-players/michael-mizrachi.htm,"MTT live, Poker Players Championship",,,,https://www.instagram.com/thegrinder44/,nada_publico; bio indexada sem e-mail/link no trecho
ingles,firaldo87,https://www.instagram.com/firaldo87/,https://ig.me/m/firaldo87,Niall Farrell,UK,en,,,,jogador,partypoker,médio,Jogador de MTT; falta confirmar se produz conteúdo de estudo.,sem_api,nao_verificado,na_fonte,https://www.pokernews.com/poker-players/niall-farrell.htm,"Triple Crown, MTT",,,,https://www.instagram.com/firaldo87/,nada_publico; bio indexada sem e-mail/link no trecho
ingles,philivey,https://www.instagram.com/philivey/,https://ig.me/m/philivey,Phil Ivey,US,en,,,,jogador,WPT Global,médio,Jogador de MTT; falta confirmar se produz conteúdo de estudo.,sem_api,nao_verificado,na_fonte,https://www.pokernews.com/poker-players/phil-ivey.htm,11 pulseiras WSOP,,,,https://www.instagram.com/philivey/,nada_publico; bio indexada sem e-mail/link no trecho
ingles,timothy.adams86,https://www.instagram.com/timothy.adams86/,https://ig.me/m/timothy.adams86,Timothy Adams,,en,,,,jogador,,médio,Jogador de MTT; falta confirmar se produz conteúdo de estudo.,sem_api,nao_verificado,na_fonte,https://www.pokernews.com/poker-players/timothy-adams.htm,Jogador MTT (perfil PokerNews),,,,https://www.instagram.com/timothy.adams86/,nada_publico; bio indexada sem e-mail/link no trecho
ingles,tonydunsttv,https://www.instagram.com/tonydunsttv/,https://ig.me/m/tonydunsttv,Tony Dunst,US,en,,,,midia,,baixo,"Mídia/conta institucional: alcance, mas não é voz de estudo individual.",sem_api,nao_verificado,na_fonte,https://www.pokernews.com/poker-players/tony-dunst.htm,Jogador MTT e comentarista/streamer,,,,,nada_publico; bio nao indexada pela busca
ingles,antanasguoga,https://www.instagram.com/antanasguoga/,https://ig.me/m/antanasguoga,Tony G,LT,en,,,,jogador,,médio,Jogador de MTT; falta confirmar se produz conteúdo de estudo.,sem_api,nao_verificado,na_fonte,https://www.pokernews.com/poker-players/tony-g.htm,"Jogador MTT/cash, persona de conteudo",,,,,nada_publico; bio nao indexada pela busca
ingles,yayandrew,https://www.instagram.com/yayandrew/,https://ig.me/m/yayandrew,Andrew Neeme,US,en,,,,jogador,WPT Global,médio,Jogador de MTT; falta confirmar se produz conteúdo de estudo.,sem_api,nao_verificado,na_fonte,https://www.modash.io/find-influencers/youtube/poker/male,"Vlogger de poker, torneios e cash",,,,https://www.instagram.com/yayandrew/,nada_publico; bio indexada sem e-mail/link no trecho
ingles,bradowen1,https://www.instagram.com/bradowen1/,https://ig.me/m/bradowen1,Brad Owen,US,en,,,,jogador,WPT Global,médio,Jogador de MTT; falta confirmar se produz conteúdo de estudo.,sem_api,nao_verificado,na_fonte,https://www.modash.io/find-influencers/youtube/poker/male,Vlogger de poker (mais cash; cobre torneios/WSOP),,,,https://www.instagram.com/bradowen1/,nada_publico; bio indexada sem e-mail/link no trecho
ingles,vaughngto,https://www.instagram.com/vaughngto/,https://ig.me/m/vaughngto,Vaughn Michaud,US,en,,,,jogador,,médio,Jogador de MTT; falta confirmar se produz conteúdo de estudo.,sem_api,nao_verificado,na_fonte,https://www.modash.io/find-influencers/united-states/poker,"Bio: poker player, jogue online comigo; 185k seguidores",,,,,nada_publico; bio nao indexada pela busca
ingles,maria_ho,https://www.instagram.com/maria_ho/,https://ig.me/m/maria_ho,Maria Ho,US,en,,,,jogador,,médio,Jogador de MTT; falta confirmar se produz conteúdo de estudo.,sem_api,nao_verificado,na_fonte,https://www.modash.io/find-influencers/united-states/poker,"HOF, coach, apresentadora; reels de final table WSOP bounty",,,,,nada_publico
ingles,martinkabrhel,https://www.instagram.com/martinkabrhel/,https://ig.me/m/martinkabrhel,Martin Kabrhel,US,en,,,,jogador,,médio,Jogador de MTT; falta confirmar se produz conteúdo de estudo.,sem_api,nao_verificado,na_fonte,https://www.modash.io/find-influencers/united-states/poker,Bio: make poker fun again,,,,,nada_publico
ingles,magicantonio,https://www.instagram.com/magicantonio/,https://ig.me/m/magicantonio,Antonio Esfandiari,US,en,,,,jogador,,médio,Jogador de MTT; falta confirmar se produz conteúdo de estudo.,sem_api,nao_verificado,na_fonte,https://www.modash.io/find-influencers/united-states/poker,MTT live high roller,,,,,nada_publico
ingles,vanessarousso,https://www.instagram.com/vanessarousso/,https://ig.me/m/vanessarousso,Vanessa Rousso,US,en,,,,jogador,,médio,Jogador de MTT; falta confirmar se produz conteúdo de estudo.,sem_api,nao_verificado,na_fonte,https://www.modash.io/find-influencers/united-states/poker,"Poker pro, TV",,,,,nada_publico
ingles,giljackpoker,https://www.instagram.com/giljackpoker/,https://ig.me/m/giljackpoker,Gil Jack,US,en,,,,jogador,,médio,Jogador de MTT; falta confirmar se produz conteúdo de estudo.,sem_api,nao_verificado,na_fonte,https://www.modash.io/find-influencers/united-states/poker,Bio: joga poker online; afiliado,,,,,nada_publico
ingles,kingargentina,https://www.instagram.com/kingargentina/,https://ig.me/m/kingargentina,Mariano Grandoli,US,en,,,,jogador,,médio,Jogador de MTT; falta confirmar se produz conteúdo de estudo.,sem_api,nao_verificado,na_fonte,https://www.modash.io/find-influencers/united-states/poker,Poker player e vlogger (@mariano.poker na bio),,,,,nada_publico
ingles,noahmonclapoker,https://www.instagram.com/noahmonclapoker/,https://ig.me/m/noahmonclapoker,Noah Moncla,US,en,,,,jogador,,médio,Jogador de MTT; falta confirmar se produz conteúdo de estudo.,sem_api,nao_verificado,na_fonte,https://www.modash.io/find-influencers/united-states/poker,"Poker player, online poker",,,,,nada_publico
ingles,tomdwan,https://www.instagram.com/tomdwan/,https://ig.me/m/tomdwan,Tom Dwan,US,en,,,,jogador,ACR,médio,Jogador de MTT; falta confirmar se produz conteúdo de estudo.,sem_api,nao_verificado,na_fonte,https://www.modash.io/find-influencers/united-states/poker,Bio: I play poker n stuff,,,,,nada_publico
ingles,williamkassouf,https://www.instagram.com/williamkassouf/,https://ig.me/m/williamkassouf,William Kassouf,UK,en,,,,jogador,partypoker,médio,Jogador de MTT; falta confirmar se produz conteúdo de estudo.,sem_api,nao_verificado,na_fonte,https://www.modash.io/find-influencers/united-kingdom/poker,"Poker pro, WSOP; partypoker Tour",,,,,nada_publico
ingles,bobbyjamespoker,https://www.instagram.com/bobbyjamespoker/,https://ig.me/m/bobbyjamespoker,Bobby James,UK,en,,,,midia,Octopi Poker (afiliado),baixo,"Mídia/conta institucional: alcance, mas não é voz de estudo individual.",sem_api,nao_verificado,na_fonte,https://www.modash.io/find-influencers/united-kingdom/poker,Comentarista WSOPE/EPT; finalista EPT,,,,,nada_publico
ingles,fitnessfarang,https://www.instagram.com/fitnessfarang/,https://ig.me/m/fitnessfarang,Grant Gardner,UK,en,,,,coach,,alto,"Ensina MTT a um público que estuda, sem ferramenta de estudo concorrente na fonte.",sem_api,nao_verificado,na_fonte,https://www.modash.io/find-influencers/united-kingdom/poker,Bio: Poker Pro & Host; coach de mindset para jogadores,,,,,nada_publico
ingles,cassandrayong,https://www.instagram.com/cassandrayong/,https://ig.me/m/cassandrayong,Cassandra Yong,UK,en,,,,jogador,,médio,Jogador de MTT; falta confirmar se produz conteúdo de estudo.,sem_api,nao_verificado,na_fonte,https://www.modash.io/find-influencers/united-kingdom/poker,"Bio: Poker & Lifestyle, Londres",,,,,nada_publico
ingles,knowyourpoker,https://www.instagram.com/knowyourpoker/,https://ig.me/m/knowyourpoker,Luke Johnson,UK,en,,,,coach,,alto,"Ensina MTT a um público que estuda, sem ferramenta de estudo concorrente na fonte.",sem_api,nao_verificado,na_fonte,https://www.modash.io/find-influencers/united-kingdom/poker,Mid-high stakes online pro e coach,,,,,nada_publico
ingles,joshmanleypoker,https://www.instagram.com/joshmanleypoker/,https://ig.me/m/joshmanleypoker,Josh Manley,UK,en,,,,jogador,888poker,médio,Jogador de MTT; falta confirmar se produz conteúdo de estudo.,sem_api,nao_verificado,na_fonte,https://www.modash.io/find-influencers/united-kingdom/poker,Torneios low-mid stakes; StreamTeam 888poker,,,,,nada_publico
ingles,gjreggie,https://www.instagram.com/gjreggie/,https://ig.me/m/gjreggie,GJReggie,,en,,,,jogador,,médio,Jogador de MTT; falta confirmar se produz conteúdo de estudo.,sem_api,nao_verificado,na_fonte,https://www.modash.io/find-influencers/united-kingdom/poker,"Campea PCA feminino, Thor Hansen Mystery Bounty, anel WSOP",,,,,nada_publico
ingles,mben10_,https://www.instagram.com/mben10_/,https://ig.me/m/mben10_,Mark Bennett,UK,en,,,,jogador,ACR,médio,Jogador de MTT; falta confirmar se produz conteúdo de estudo.,sem_api,nao_verificado,na_fonte,https://www.modash.io/find-influencers/united-kingdom/poker,Poker player e streamer Twitch,,,,,nada_publico
ingles,duncanshenyc,https://www.instagram.com/duncanshenyc/,https://ig.me/m/duncanshenyc,Duncan Shen,UK,en,,,,jogador,,médio,Jogador de MTT; falta confirmar se produz conteúdo de estudo.,sem_api,nao_verificado,na_fonte,https://www.modash.io/find-influencers/united-kingdom/poker,"Bio: poker player, empreendedor",,,,,nada_publico
ingles,victoriacorenmitchell,https://www.instagram.com/victoriacorenmitchell/,https://ig.me/m/victoriacorenmitchell,Victoria Coren Mitchell,UK,en,,,,midia,,baixo,"Mídia/conta institucional: alcance, mas não é voz de estudo individual.",sem_api,nao_verificado,na_fonte,https://www.modash.io/find-influencers/united-kingdom/poker,"Vencedora EPT, apresentadora (jogadora aposentada)",,,,,nada_publico
ingles,matthew_stapless,https://www.instagram.com/matthew_stapless/,https://ig.me/m/matthew_stapless,Matthew Staples,CA,en,,,,jogador,partypoker,médio,Jogador de MTT; falta confirmar se produz conteúdo de estudo.,sem_api,nao_verificado,na_fonte,https://www.modash.io/find-influencers/canada/poker,Poker player Calgary,,,,,nada_publico
ingles,emilio_uls,https://www.instagram.com/emilio_uls/,https://ig.me/m/emilio_uls,Emilio Ulisse,CA,en,,,,coach,,alto,"Ensina MTT a um público que estuda, sem ferramenta de estudo concorrente na fonte.",sem_api,nao_verificado,na_fonte,https://www.modash.io/find-influencers/canada/poker,"Poker pro e coach, co-fundador Team Elite Poker",,,,,nada_publico
ingles,ddvoress,https://www.instagram.com/ddvoress/,https://ig.me/m/ddvoress,Daniel Dvoress,CA,en,,,,jogador,Run It Once,médio,Jogador de MTT com publi de ferramenta de estudo concorrente.,sem_api,nao_verificado,na_fonte,https://www.modash.io/find-influencers/canada/poker,Bio: I play poker; MTT high roller; coach Run It Once,,,,,nada_publico
ingles,gregfbt,https://www.instagram.com/gregfbt/,https://ig.me/m/gregfbt,Greg Mueller,CA,en,,,,jogador,,médio,Jogador de MTT; falta confirmar se produz conteúdo de estudo.,sem_api,nao_verificado,na_fonte,https://www.modash.io/find-influencers/canada/poker,3x campeao mundial WSOP,,,,,nada_publico
ingles,pokerwithriske,https://www.instagram.com/pokerwithriske/,https://ig.me/m/pokerwithriske,Poker With Riske,CA,en,,,,coach,,alto,"Ensina MTT a um público que estuda, sem ferramenta de estudo concorrente na fonte.",sem_api,nao_verificado,na_fonte,https://www.modash.io/find-influencers/canada/poker,Coaching for Profit Program,,,,,nada_publico
ingles,david.guay1,https://www.instagram.com/david.guay1/,https://ig.me/m/david.guay1,David Guay,CA,en,,,,jogador,,médio,Jogador de MTT; falta confirmar se produz conteúdo de estudo.,sem_api,nao_verificado,na_fonte,https://www.modash.io/find-influencers/canada/poker,Bracelete WSOP,,,,,nada_publico
ingles,xavierdrolet_,https://www.instagram.com/xavierdrolet_/,https://ig.me/m/xavierdrolet_,Xavier,CA,en,,,,jogador,,médio,Jogador de MTT; falta confirmar se produz conteúdo de estudo.,sem_api,nao_verificado,na_fonte,https://www.modash.io/find-influencers/canada/poker,"Jogador de poker profissional, Laval",,,,,nada_publico
ingles,balloo711,https://www.instagram.com/balloo711/,https://ig.me/m/balloo711,Chris Siva,CA,en,,,,jogador,,médio,Jogador de MTT; falta confirmar se produz conteúdo de estudo.,sem_api,nao_verificado,na_fonte,https://www.modash.io/find-influencers/canada/poker,Poker player Toronto,,,,,nada_publico
ingles,dannytang7,https://www.instagram.com/dannytang7/,https://ig.me/m/dannytang7,Danny Tang,,en,,,,jogador,Natural8,médio,Jogador de MTT; falta confirmar se produz conteúdo de estudo.,sem_api,nao_verificado,na_fonte,https://www.modash.io/find-influencers/poker/male,"Campeao WSOP, 5x campeao; Team Hot Natural8",,,,,nada_publico
ingles,berkey11,https://www.instagram.com/berkey11/,https://ig.me/m/berkey11,Matt Berkey,US,en,,,,coach,,alto,"Ensina MTT a um público que estuda, sem ferramenta de estudo concorrente na fonte.",sem_api,nao_verificado,na_fonte,https://www.modash.io/find-influencers/poker/male,"Solve For Why Academy, treino de poker",,,,https://www.instagram.com/berkey11/,nada_publico; bio indexada sem e-mail/link no trecho
ingles,jakepropoker,https://www.instagram.com/jakepropoker/,https://ig.me/m/jakepropoker,Jake Matles,US,en,,,,jogador,,médio,Jogador de MTT; falta confirmar se produz conteúdo de estudo.,sem_api,nao_verificado,na_fonte,https://www.modash.io/find-influencers/poker/male,Bio: play with me (afiliado),,,,,nada_publico
ingles,clcpoker,https://www.instagram.com/clcpoker/,https://ig.me/m/clcpoker,Chip Leader Coaching,US,en,,,,stable,Chip Leader Coaching,alto,"Ensina MTT a um público que estuda, sem ferramenta de estudo concorrente na fonte.",sem_api,nao_verificado,na_fonte,https://www.modash.io/find-influencers/poker/male,"Treino com Chance Kornuth, Alex Foxen, Kristen Foxen (MTT)",,,,https://www.instagram.com/clcpoker/,nada_publico; bio indexada sem e-mail/link no trecho
ingles,kooraay90,https://www.instagram.com/kooraay90/,https://ig.me/m/kooraay90,Koray Aldemir,US,en,,,,jogador,,médio,Jogador de MTT; falta confirmar se produz conteúdo de estudo.,sem_api,nao_verificado,na_fonte,https://www.modash.io/find-influencers/poker/male,"Campeao mundial de poker 2021, MTT",,,,,nada_publico
ingles,alexduvall,https://www.instagram.com/alexduvall/,https://ig.me/m/alexduvall,Alex Duvall,US,en,,,,jogador,CoinPoker,médio,Jogador de MTT; falta confirmar se produz conteúdo de estudo.,sem_api,nao_verificado,na_fonte,https://www.modash.io/find-influencers/poker/male,Poker e YouTube; Pokernation,,,,,nada_publico
ingles,harrybpoker,https://www.instagram.com/harrybpoker/,https://ig.me/m/harrybpoker,Harry B Poker,US,en,,,,jogador,,alto,Jogador de MTT que produz conteúdo/estudo em canal próprio.,sem_api,nao_verificado,na_fonte,https://www.modash.io/find-influencers/youtube/poker/male,Canal YouTube de poker,,,,,nada_publico; bio nao indexada pela busca
ingles,jaimestaples,https://www.instagram.com/jaimestaples/,https://ig.me/m/jaimestaples,Jaime Staples,CA,en,,,,jogador,,alto,Jogador de MTT que produz conteúdo/estudo em canal próprio.,sem_api,nao_verificado,na_fonte,https://www.modash.io/find-influencers/youtube/poker/male,Pioneiro de streaming de MTT,partner@pokerstaples.com,https://www.pokerstaples.com/connect/,,https://www.pokerstaples.com/connect/,e-mail comercial literal na pagina Connect (For business contact)
ingles,lexveldhuis,https://www.instagram.com/lexveldhuis/,https://ig.me/m/lexveldhuis,Lex Veldhuis,NL,en,,,,jogador,PokerStars,alto,Jogador de MTT que produz conteúdo/estudo em canal próprio.,sem_api,nao_verificado,na_fonte,https://www.youtube.com/@LexVeldhuisTV/about,"Streamer Twitch MTT (grande), PokerStars Team Pro",,,,,nada_publico
ingles,romulodorea,https://www.instagram.com/romulodorea/,https://ig.me/m/romulodorea,Romulo Dorea (Poker Profit),US,en,,,,jogador,,alto,Jogador de MTT que produz conteúdo/estudo em canal próprio.,sem_api,nao_verificado,na_fonte,https://www.modash.io/find-influencers/youtube/poker/male,"Vlog de poker, ensino",,,,,nada_publico
ingles,charliecarrel,https://www.instagram.com/charliecarrel/,https://ig.me/m/charliecarrel,Charlie Carrel,UK,en,,,,coach,,alto,"Ensina MTT a um público que estuda, sem ferramenta de estudo concorrente na fonte.",sem_api,nao_verificado,na_fonte,https://www.modash.io/find-influencers/youtube/united-kingdom/poker,Transformou 50 USD em mais de 10 mi; ensina poker (MTT),,,,,nada_publico
ingles,thedrawingdeadvlog,https://www.instagram.com/thedrawingdeadvlog/,https://ig.me/m/thedrawingdeadvlog,Jaman Burton,US,en,,,,jogador,,alto,Jogador de MTT que produz conteúdo/estudo em canal próprio.,sem_api,nao_verificado,na_fonte,https://www.modash.io/find-influencers/youtube/poker/male,Vlog de torneios WSOP e regionais,,,,,nada_publico
ingles,jakecodyy,https://www.instagram.com/jakecodyy/,https://ig.me/m/jakecodyy,Jake Cody,UK,en,,,,jogador,,alto,Jogador de MTT que produz conteúdo/estudo em canal próprio.,sem_api,nao_verificado,na_fonte,https://www.modash.io/find-influencers/youtube/poker/male,"Triple Crown mais jovem, vlog de poker",,,,https://www.instagram.com/jakecodyy/,nada_publico; bio indexada sem e-mail/link no trecho
ingles,brantzenpoker,https://www.instagram.com/brantzenpoker/,https://ig.me/m/brantzenpoker,Brantzen Poker,US,en,,,,jogador,,alto,Jogador de MTT que produz conteúdo/estudo em canal próprio.,sem_api,nao_verificado,na_fonte,https://www.modash.io/find-influencers/youtube/poker/male,Canal poker 512k inscritos,,,CoinPoker (embaixador),https://www.pokerlistings.com/news/a-new-era-at-coinpoker-yoh-viral-mariano-and-brantzen-wong-join-the-roster,sem e-mail publico no trecho
ingles,lexygavinpoker,https://www.instagram.com/lexygavinpoker/,https://ig.me/m/lexygavinpoker,Lexy Gavin-Mather,US,en,,,,coach,,alto,"Ensina MTT a um público que estuda, sem ferramenta de estudo concorrente na fonte.",sem_api,nao_verificado,na_fonte,https://www.modash.io/find-influencers/youtube/poker/female,"Treino de poker, YouTube",,,,,nada_publico
ingles,conkpoker,https://www.instagram.com/conkpoker/,https://ig.me/m/conkpoker,Connor (ConkPoker),UK,en,,,,jogador,,alto,Jogador de MTT que produz conteúdo/estudo em canal próprio.,sem_api,nao_verificado,na_fonte,https://www.modash.io/find-influencers/youtube/united-kingdom/poker,Canal de poker UK,,,,,nada_publico
ingles,robinpoker,https://www.instagram.com/robinpoker/,https://ig.me/m/robinpoker,Lukas (RobinPoker),UK,en,,,,jogador,,alto,Jogador de MTT que produz conteúdo/estudo em canal próprio.,sem_api,nao_verificado,na_fonte,https://www.modash.io/find-influencers/youtube/united-kingdom/poker,"Pro de Liverpool, YouTube",,,,,nada_publico
ingles,mttpokerschool,https://www.instagram.com/mttpokerschool/,https://ig.me/m/mttpokerschool,Gareth James (MTT Poker School),UK,en,,,,coach,,alto,"Ensina MTT a um público que estuda, sem ferramenta de estudo concorrente na fonte.",sem_api,nao_verificado,na_fonte,https://www.modash.io/find-influencers/youtube/united-kingdom/poker,"Coach MTT, autor de Purposeful Practice",,https://www.mttpokerschool.com/contact,,https://www.mttpokerschool.com,pagina de contato + Calendly; sem e-mail
ingles,adamc1988_,https://www.instagram.com/adamc1988_/,https://ig.me/m/adamc1988_,Adam (The Poker Athlete),UK,en,,,,coach,,alto,"Ensina MTT a um público que estuda, sem ferramenta de estudo concorrente na fonte.",sem_api,nao_verificado,na_fonte,https://www.modash.io/find-influencers/youtube/united-kingdom/poker,Mental game para jogadores de poker (verificar MTT),,,,,nada_publico
ingles,gokupoker,https://www.instagram.com/gokupoker/,https://ig.me/m/gokupoker,Goku Poker,UK,en,,,,coach,,alto,"Ensina MTT a um público que estuda, sem ferramenta de estudo concorrente na fonte.",sem_api,nao_verificado,na_fonte,https://www.modash.io/find-influencers/youtube/united-kingdom/poker,Canal de ensino de poker,,,,,nada_publico
ingles,marlztv,https://www.instagram.com/marlztv/,https://ig.me/m/marlztv,Marle Poker,US,en,,,,jogador,,alto,Jogador de MTT que produz conteúdo/estudo em canal próprio.,sem_api,nao_verificado,na_fonte,https://www.modash.io/find-influencers/youtube/poker/female,Videos de poker,,,,,nada_publico
ingles,courtiebee8,https://www.instagram.com/courtiebee8/,https://ig.me/m/courtiebee8,Courtney Gee (courtiebee),CA,en,,,,jogador,,alto,Jogador de MTT que produz conteúdo/estudo em canal próprio.,sem_api,nao_verificado,na_fonte,https://www.modash.io/find-influencers/youtube/poker/female,Streamer Twitch de poker online,,,,,nada_publico
ingles,pokerface_ash,https://www.instagram.com/pokerface_ash/,https://ig.me/m/pokerface_ash,PokerfaceAsh,US,en,,,,jogador,,alto,Jogador de MTT que produz conteúdo/estudo em canal próprio.,sem_api,nao_verificado,na_fonte,https://www.modash.io/find-influencers/youtube/poker/female,"Aventuras de poker, YouTube",,,,,nada_publico
ingles,amo4sho,https://www.instagram.com/amo4sho/,https://ig.me/m/amo4sho,Kristy Arnett Moreno / Andrew Moreno,US,en,,,,jogador,,alto,Jogador de MTT que produz conteúdo/estudo em canal próprio.,sem_api,nao_verificado,na_fonte,https://www.modash.io/find-influencers/youtube/poker/female,Cobertura WSOP 2024 no canal,,,,,nada_publico
ingles,mikemcdonald_89,https://www.instagram.com/mikemcdonald_89/,https://ig.me/m/mikemcdonald_89,Michael McDonald,CA,en,,,,jogador,,médio,Jogador de MTT; falta confirmar se produz conteúdo de estudo.,sem_api,nao_verificado,na_fonte,https://www.wikidata.org/w/index.php?search=Michael%20McDonald (propriedade P2003 Instagram username),MTT/WSOP online,,,,,nada_publico
ingles,aylarlieofficial,https://www.instagram.com/aylarlieofficial/,https://ig.me/m/aylarlieofficial,Aylar Lie,NO,en,,,,jogador,,médio,Jogador de MTT; falta confirmar se produz conteúdo de estudo.,sem_api,nao_verificado,na_fonte,https://www.wikidata.org/w/index.php?search=Aylar%20Lie (propriedade P2003 Instagram username),Jogadora de poker (Wikidata),,,,,nada_publico
ingles,sverreks,https://www.instagram.com/sverreks/,https://ig.me/m/sverreks,Sverre Krogh Sundbo,NO,en,,,,jogador,,médio,Jogador de MTT; falta confirmar se produz conteúdo de estudo.,sem_api,nao_verificado,na_fonte,https://www.wikidata.org/w/index.php?search=Sverre%20Krogh%20Sundbo (propriedade P2003 Instagram username),Jogador de poker (Wikidata),,,,,nada_publico
ingles,marcuswenneberg,https://www.instagram.com/marcuswenneberg/,https://ig.me/m/marcuswenneberg,Marcus Wenneberg,NO,en,,,,jogador,,médio,Jogador de MTT; falta confirmar se produz conteúdo de estudo.,sem_api,nao_verificado,na_fonte,https://www.wikidata.org/w/index.php?search=Marcus%20Wenneberg (propriedade P2003 Instagram username),Jogador de poker (Wikidata),,,,,nada_publico
ingles,leo_margets,https://www.instagram.com/leo_margets/,https://ig.me/m/leo_margets,Leo Margets,ES,en,,,,jogador,GGPoker,médio,Jogador de MTT; falta confirmar se produz conteúdo de estudo.,sem_api,nao_verificado,na_fonte,https://www.wikidata.org/w/index.php?search=Leo%20Margets (propriedade P2003 Instagram username),"Jogadora MTT, GGPoker",,,,,nada_publico
ingles,_figu,https://www.instagram.com/_figu/,https://ig.me/m/_figu,Henri Ojala,FI,en,,,,jogador,,médio,Jogador de MTT; falta confirmar se produz conteúdo de estudo.,sem_api,nao_verificado,na_fonte,https://www.wikidata.org/w/index.php?search=Henri%20Ojala (propriedade P2003 Instagram username),Jogador de poker (Wikidata),,,,,nada_publico
ingles,martin.jacobson,https://www.instagram.com/martin.jacobson/,https://ig.me/m/martin.jacobson,Martin Jacobson,SE,en,,,,jogador,,médio,Jogador de MTT; falta confirmar se produz conteúdo de estudo.,sem_api,nao_verificado,na_fonte,https://www.wikidata.org/w/index.php?search=Martin%20Jacobson (propriedade P2003 Instagram username),Campeao WSOP Main Event 2014,,,,,nada_publico
ingles,elkypoker,https://www.instagram.com/elkypoker/,https://ig.me/m/elkypoker,ElkY (Bertrand Grospellier),FR,en,,,,jogador,GGPoker,médio,Jogador de MTT; falta confirmar se produz conteúdo de estudo.,sem_api,nao_verificado,na_fonte,https://www.wikidata.org/w/index.php?search=ElkY%20(Bertrand%20Grospellier) (propriedade P2003 Instagram username),"MTT online/live, ambassador GGPoker 2026",,,,,nada_publico
ingles,liv_boeree,https://www.instagram.com/liv_boeree/,https://ig.me/m/liv_boeree,Liv Boeree,UK,en,,,,jogador,,médio,Jogador de MTT; falta confirmar se produz conteúdo de estudo.,sem_api,nao_verificado,na_fonte,https://www.wikidata.org/w/index.php?search=Liv%20Boeree (propriedade P2003 Instagram username),"Campea EPT, comunicadora",,,,,nada_publico
ingles,fedorholz,https://www.instagram.com/fedorholz/,https://ig.me/m/fedorholz,Fedor Holz,DE,en,,,,jogador,GGPoker; Pokercode,médio,Jogador de MTT; falta confirmar se produz conteúdo de estudo.,sem_api,nao_verificado,na_fonte,https://www.wikidata.org/w/index.php?search=Fedor%20Holz (propriedade P2003 Instagram username),MTT high roller; Pokercode; GGPoker,,,"Pokercode (Viena, Austria)",https://www.cbinsights.com/company/pokercode,sem e-mail publico encontrado
ingles,cmoneym21,https://www.instagram.com/cmoneym21/,https://ig.me/m/cmoneym21,Chris Moneymaker,US,en,,,,jogador,ACR,médio,Jogador de MTT; falta confirmar se produz conteúdo de estudo.,sem_api,nao_verificado,na_fonte,https://www.wikidata.org/w/index.php?search=Chris%20Moneymaker (propriedade P2003 Instagram username),"Campeao WSOP Main 2003, ACR",,,,,nada_publico
ingles,jenshahade,https://www.instagram.com/jenshahade/,https://ig.me/m/jenshahade,Jennifer Shahade,US,en,,,,jogador,,médio,Jogador de MTT; falta confirmar se produz conteúdo de estudo.,sem_api,nao_verificado,na_fonte,https://www.wikidata.org/w/index.php?search=Jennifer%20Shahade (propriedade P2003 Instagram username),Jogadora de poker e autora,,,,,nada_publico
ingles,lindgren_erick,https://www.instagram.com/lindgren_erick/,https://ig.me/m/lindgren_erick,Erick Lindgren,US,en,,,,jogador,,médio,Jogador de MTT; falta confirmar se produz conteúdo de estudo.,sem_api,nao_verificado,na_fonte,https://www.wikidata.org/w/index.php?search=Erick%20Lindgren (propriedade P2003 Instagram username),MTT live (Wikidata),,,,,nada_publico
ingles,phil.galfond,https://www.instagram.com/phil.galfond/,https://ig.me/m/phil.galfond,Phil Galfond,US,en,,,,coach,Run It Once,médio,"Ensina MTT (público de estudo), mas já divulga ferramenta de estudo concorrente.",sem_api,nao_verificado,na_fonte,https://www.wikidata.org/w/index.php?search=Phil%20Galfond (propriedade P2003 Instagram username),"Fundador Run It Once, coach",,https://www.philgalfond.com/about/,Run It Once (Rush Street Interactive),https://www.philgalfond.com/about/,site pessoal sem e-mail
ingles,vselbstpoker,https://www.instagram.com/vselbstpoker/,https://ig.me/m/vselbstpoker,Vanessa Selbst,US,en,,,,jogador,,médio,Jogador de MTT; falta confirmar se produz conteúdo de estudo.,sem_api,nao_verificado,na_fonte,https://www.wikidata.org/w/index.php?search=Vanessa%20Selbst (propriedade P2003 Instagram username),Ex-numero 1 MTT live,,,,,nada_publico
ingles,bethshak,https://www.instagram.com/bethshak/,https://ig.me/m/bethshak,Beth Shak,US,en,,,,jogador,,médio,Jogador de MTT; falta confirmar se produz conteúdo de estudo.,sem_api,nao_verificado,na_fonte,https://www.wikidata.org/w/index.php?search=Beth%20Shak (propriedade P2003 Instagram username),Jogadora de poker (Wikidata),,,,,nada_publico
ingles,dougpolkpoker,https://www.instagram.com/dougpolkpoker/,https://ig.me/m/dougpolkpoker,Doug Polk,US,en,,,,coach,Upswing Poker,médio,"Ensina MTT (público de estudo), mas já divulga ferramenta de estudo concorrente.",sem_api,nao_verificado,na_fonte,https://www.wikidata.org/w/index.php?search=Doug%20Polk (propriedade P2003 Instagram username),Fundador Upswing Poker,,https://upswingpoker.com/contact-us/,,https://www.cardplayer.com/poker-news/upswing-poker-doug-polk-sale-clubwpt-gold,Upswing vendida ao ClubWPT Gold; sem contato proprio
ingles,melikarazavi,https://www.instagram.com/melikarazavi/,https://ig.me/m/melikarazavi,Melika Razavi,ZA,en,,,,jogador,,médio,Jogador de MTT; falta confirmar se produz conteúdo de estudo.,sem_api,nao_verificado,na_fonte,https://www.wikidata.org/w/index.php?search=Melika%20Razavi (propriedade P2003 Instagram username),Jogadora de poker (Wikidata),,,,,nada_publico
ingles,gmjangustafsson,https://www.instagram.com/gmjangustafsson/,https://ig.me/m/gmjangustafsson,Jan Gustafsson,DE,en,,,,jogador,,médio,Jogador de MTT; falta confirmar se produz conteúdo de estudo.,sem_api,nao_verificado,na_fonte,https://www.wikidata.org/w/index.php?search=Jan%20Gustafsson (propriedade P2003 Instagram username),"Jogador/xadrezista, MTT high roller",,,,,nada_publico
ingles,yuvee04,https://www.instagram.com/yuvee04/,https://ig.me/m/yuvee04,Yuval Bronshtein,IL,en,,,,jogador,,médio,Jogador de MTT; falta confirmar se produz conteúdo de estudo.,sem_api,nao_verificado,na_fonte,https://www.wikidata.org/w/index.php?search=Yuval%20Bronshtein (propriedade P2003 Instagram username),Jogador de poker (Wikidata),,,,,nada_publico
ingles,talherzog,https://www.instagram.com/talherzog/,https://ig.me/m/talherzog,Tal Herzog,IL,en,,,,jogador,,médio,Jogador de MTT; falta confirmar se produz conteúdo de estudo.,sem_api,nao_verificado,na_fonte,https://www.wikidata.org/w/index.php?search=Tal%20Herzog (propriedade P2003 Instagram username),Jogador de poker (Wikidata),,,,,nada_publico
ingles,therealgushansen,https://www.instagram.com/therealgushansen/,https://ig.me/m/therealgushansen,Gus Hansen,DK,en,,,,jogador,,médio,Jogador de MTT; falta confirmar se produz conteúdo de estudo.,sem_api,nao_verificado,na_fonte,https://www.wikidata.org/w/index.php?search=Gus%20Hansen (propriedade P2003 Instagram username),"Triple Crown, MTT live",,,,,nada_publico
ingles,apestyles1,https://www.instagram.com/apestyles1/,https://ig.me/m/apestyles1,Jonathan Van Fleet (apestyles),US,en,,,,jogador,WPT Global,alto,Jogador de MTT que produz conteúdo/estudo em canal próprio.,sem_api,nao_verificado,na_fonte,https://www.youtube.com/@ApeStyles/about,"Streamer de MTT, WPT Global",,,,,nada_publico
ingles,arlieshaban,https://www.instagram.com/arlieshaban/,https://ig.me/m/arlieshaban,Arlie Shaban,CA,en,,,,jogador,PokerStars,alto,Jogador de MTT que produz conteúdo/estudo em canal próprio.,sem_api,nao_verificado,na_fonte,https://www.youtube.com/@ArlieShabanPoker/about,"Streamer Twitch full time, PokerStars Team Pro Online",,,,,nada_publico
ingles,egptionpoker,https://www.instagram.com/egptionpoker/,https://ig.me/m/egptionpoker,"Patrick ""Egption"" Tardif",CA,en,,,,jogador,WPT Global,alto,Jogador de MTT que produz conteúdo/estudo em canal próprio.,sem_api,nao_verificado,na_fonte,https://www.youtube.com/@Egption/about,"Streamer MTT, WPT Global",,,,,nada_publico
ingles,girafganger7,https://www.instagram.com/girafganger7/,https://ig.me/m/girafganger7,Bert Stevens (GirafGanger7),BE,en,,,,jogador,CoinPoker,alto,Jogador de MTT que produz conteúdo/estudo em canal próprio.,sem_api,nao_verificado,na_fonte,https://www.youtube.com/@girafganger7/about,Campeao WSOP Online Main 2023; streamer Twitch,,,,,nada_publico
ingles,actuallyspraggy,https://www.instagram.com/actuallyspraggy/,https://ig.me/m/actuallyspraggy,"Ben ""Spraggy"" Spragg",UK,en,,,,jogador,PokerStars,alto,Jogador de MTT que produz conteúdo/estudo em canal próprio.,sem_api,nao_verificado,na_fonte,https://www.youtube.com/@Spraggy/about,"Streamer Twitch desde 2015, PokerStars Team Pro",,,,,nada_publico
ingles,talonchick,https://www.instagram.com/talonchick/,https://ig.me/m/talonchick,Adrienne (TalonChick),CA,en,,,,jogador,PokerStars,alto,Jogador de MTT que produz conteúdo/estudo em canal próprio.,sem_api,nao_verificado,na_fonte,https://www.youtube.com/@TalonChick/about,"PokerStars Team Pro Online, streamer",,,,,nada_publico
ingles,nanonoko,https://www.instagram.com/nanonoko/,https://ig.me/m/nanonoko,Randy Lew (nanonoko),US,en,,,,jogador,,alto,Jogador de MTT que produz conteúdo/estudo em canal próprio.,sem_api,nao_verificado,na_fonte,https://www.youtube.com/@Nanonoko/about,"Multi-tabling MTT online, Twitch",,,,,nada_publico
ingles,xxl23,https://www.instagram.com/xxl23/,https://ig.me/m/xxl23,Xuan Liu,CA,en,,,,jogador,WPT Global,alto,Jogador de MTT que produz conteúdo/estudo em canal próprio.,sem_api,nao_verificado,na_fonte,https://www.youtube.com/@XuanLiu/about,MTT/cash; embaixadora WPT Global,,,,,nada_publico
ingles,bart_hanson,https://www.instagram.com/bart_hanson/,https://ig.me/m/bart_hanson,Bart Hanson,US,en,,,,midia,,baixo,"Mídia/conta institucional: alcance, mas não é voz de estudo individual.",sem_api,nao_verificado,na_fonte,https://www.youtube.com/@CrushLivePoker/about,"Crush Live Poker, coach/produtor",,,,,nada_publico
ingles,crushlivepoker,https://www.instagram.com/crushlivepoker/,https://ig.me/m/crushlivepoker,Crush Live Poker,US,en,,,,midia,,baixo,"Mídia/conta institucional: alcance, mas não é voz de estudo individual.",sem_api,nao_verificado,na_fonte,https://www.youtube.com/@CrushLivePoker/about,Canal/escola de poker (Scrimitzu coach),,,,,nada_publico
ingles,pokercodeofficial,https://www.instagram.com/pokercodeofficial/,https://ig.me/m/pokercodeofficial,Pokercode,,en,,,,stable,Pokercode,alto,"Ensina MTT a um público que estuda, sem ferramenta de estudo concorrente na fonte.",sem_api,nao_verificado,na_fonte,https://www.youtube.com/@PokerCode/about,MTT Masterclass (Fedor Holz),,,"Pokercode (Viena, Austria)",https://www.cbinsights.com/company/pokercode,sem e-mail publico encontrado
ingles,upswingpoker,https://www.instagram.com/upswingpoker/,https://ig.me/m/upswingpoker,Upswing Poker,US,en,,,,stable,Upswing Poker,médio,"Ensina MTT (público de estudo), mas já divulga ferramenta de estudo concorrente.",sem_api,nao_verificado,na_fonte,https://www.youtube.com/@UpswingPoker/about,"Anunciante ativo (ads library) e escola; coaches MTT (Aaron Barone, Nick Petrangelo, Darren Elias)",,https://upswingpoker.com/contact-us/,,https://www.upswingpoker.com/contact,formulario com opcao Business or marketing proposal; Upswing vendida ao ClubWPT Gold
ingles,bbzpoker,https://www.instagram.com/bbzpoker/,https://ig.me/m/bbzpoker,BBZ Poker,CA,en,,,,stable,BBZ Poker,alto,"Ensina MTT a um público que estuda, sem ferramenta de estudo concorrente na fonte.",sem_api,nao_verificado,na_fonte,https://www.youtube.com/@BBZPoker/about,"Escola com coaches MTT (Drummond, Van Fleet, Theologis, Calder)",,https://bbzpoker.com/contact/,,https://www.bbzpoker.com/contact,formulario no site; e-mail oculto por Cloudflare
ingles,gtowizard,https://www.instagram.com/gtowizard/,https://ig.me/m/gtowizard,GTO Wizard,,en,,,,stable,GTO Wizard,médio,"Ensina MTT (público de estudo), mas já divulga ferramenta de estudo concorrente.",sem_api,nao_verificado,na_fonte,https://www.youtube.com/@GTOWizard/about,"Ferramenta/coaches MTT (Jorstad, Rabichow, Scrimitzu); parceiro oficial WSOP 2026",,,,,nada_publico
ingles,raiseyouredge,https://www.instagram.com/raiseyouredge/,https://ig.me/m/raiseyouredge,Raise Your Edge,,en,,,,stable,Raise Your Edge,médio,"Ensina MTT (público de estudo), mas já divulga ferramenta de estudo concorrente.",sem_api,nao_verificado,na_fonte,https://www.youtube.com/@RaiseYourEdge/about,Anunciante ativo (ads library US/GB/CA/AU/IE) e escola,support@raiseyouredge.com,https://www.raiseyouredge.com/contact,,https://www.raiseyouredge.com/contact,"e-mail de suporte publicado, nao especifico comercial"
ingles,runitonceofficial,https://www.instagram.com/runitonceofficial/,https://ig.me/m/runitonceofficial,Run It Once,US,en,,,,stable,Run It Once,médio,"Ensina MTT (público de estudo), mas já divulga ferramenta de estudo concorrente.",sem_api,nao_verificado,na_fonte,https://www.runitonce.com/about/,"Escola de treino, coaches MTT (Hastings, Koon, Cates)",,https://www.runitonce.com/contact/,,https://www.runitonce.com/about/,pagina de contato; sem e-mail
ingles,pokergo,https://www.instagram.com/pokergo/,https://ig.me/m/pokergo,PokerGO,US,en,,,,midia,,baixo,"Mídia/conta institucional: alcance, mas não é voz de estudo individual.",sem_api,nao_verificado,na_fonte,https://www.pokergo.com/about,"Midia de torneios (WSOP), perfil institucional",,https://www.pokergo.com/faq#contact,,https://www.pokergo.com/about,contato via FAQ; sem e-mail
