lista,handle,instagram_url,dm_link,encaixe,motivo_encaixe,nome,pais,idioma,tipo,tamanho_time,publi_sala_ferramenta,email,site_ou_link,agencia_ou_empresario,contato_fonte_url,handle_confianca,fonte_url,motivo_mtt,obs
brasil,insidepokerschool,https://www.instagram.com/insidepokerschool/,https://ig.me/m/insidepokerschool,alto,Time/escola de MTT com público de estudo; um acordo alcança vários jogadores.,Inside Poker School,BR,pt,escola,,,startbyinside@gmail.com,https://insidepokerschool.com/,,https://insidepokerschool.com/,na_fonte,https://insidepokerschool.com/,escola se apresenta como maior escola de poker do Brasil; Inside Academy e simulador de torneios,e-mail do site; tipo (geral/comercial) nao especificado; site cita +R$ 12M lucrados por alunos
brasil,,,,alto,Time/escola de MTT com público de estudo; um acordo alcança vários jogadores.,Standard Backing,INT,pt,stable,,,,https://standardbacking.com/,,https://standardbacking.com/,nome_sem_handle,https://standardbacking.com/pt/home-portugues/,backing e coaching de MTT online; site em portugues,"sem Instagram visivel no site; so formulario de candidatura e YouTube @standardbacking; internacional, nao so BR"
brasil,,,,alto,Time/escola de MTT com público de estudo; um acordo alcança vários jogadores.,Pocarr,INT,en,stable,,,,https://pocarr.com/coaching-backing/,,https://pocarr.com/coaching-backing/,nome_sem_handle,https://pocarr.com/coaching-backing/,"treino, backing e forum de MTT",internacional; nao confirmado foco Brasil; so aparecia em listagem
brasil,,,,alto,Time/escola de MTT com público de estudo; um acordo alcança vários jogadores.,4bet Poker Team,BR,pt,time,,,,,,,nome_sem_handle,https://superpoker.com.br/poker/qual-o-maior-time-de-poker-do-brasil,citado em artigo como time de poker brasileiro,sem handle nem contato achado em busca
brasil,,,,alto,Time/escola de MTT com público de estudo; um acordo alcança vários jogadores.,Guerreiros Poker Team,BR,pt,time,,,,,,,nome_sem_handle,https://superpoker.com.br/poker/qual-o-maior-time-de-poker-do-brasil,citado como time que da suporte ate o poker profissional,sem handle nem contato achado em busca
brasil,,,,alto,Time/escola de MTT com público de estudo; um acordo alcança vários jogadores.,Cardroom Poker Team,BR,pt,time,,,,,,,nome_sem_handle,https://superpoker.com.br/poker/qual-o-maior-time-de-poker-do-brasil,citado como time focado em estudo profundo,sem handle nem contato achado em busca
mundo,bbzacademy,https://www.instagram.com/bbzacademy/,https://ig.me/m/bbzacademy,alto,Time/escola de MTT com público de estudo; um acordo alcança vários jogadores.,BBZ Staking Team,CA,en,stable,,,,https://bbzpoker.com,https://bbzpoker.com/contact/,https://bbzpoker.com/contact/,na_fonte,https://www.instagram.com/bbzacademy/,1on1 coaching e staking MTT (bio APPLY NOW),"site em Ottawa CA; email ofuscado, contato por formulario/Discord; BBZ Academy/Latam/Italy; handle bbzpoker ja em ingles.csv"
mundo,dtopoker,https://www.instagram.com/dtopoker/,https://ig.me/m/dtopoker,médio,"Ferramenta/site de treino: público de estudo, mas concorre ou se sobrepõe à Aura.",DTO Poker,,,site_treino,,,,https://www.dtopoker.com,,site sem pagina de contato nem email,na_fonte,https://www.dtopoker.com,trainer MTT (DTO MTT),site sem pagina de contato nem email
mundo,smartpoker.team,https://www.instagram.com/smartpoker.team/,https://ig.me/m/smartpoker.team,alto,Time/escola de MTT com público de estudo; um acordo alcança vários jogadores.,Smart Poker Team,,en,stable,,,,,,,na_fonte,https://www.instagram.com/smartpoker.team/,MTT coaching & staking (bio),~749 seguidores
mundo,lapiniandrea,https://www.instagram.com/lapiniandrea/,https://ig.me/m/lapiniandrea,alto,Time/escola de MTT com público de estudo; um acordo alcança vários jogadores.,Andrea Lapini,IT,it,escola,,,,,,,na_fonte,https://www.instagram.com/lapiniandrea/,"coach MTT, membro XShove Team",coach individual
mundo,pokercoach.ch,https://www.instagram.com/pokercoach.ch/,https://ig.me/m/pokercoach.ch,alto,Time/escola de MTT com público de estudo; um acordo alcança vários jogadores.,Roger Gertschen,CH,de,escola,,,,,,,na_fonte,https://www.instagram.com/pokercoach.ch/,coaching cash e MTT; CH/DE/AT,coach individual
mundo,nutsr_games,https://www.instagram.com/nutsr_games/,https://ig.me/m/nutsr_games,médio,"Ferramenta/site de treino: público de estudo, mas concorre ou se sobrepõe à Aura.",NutsR,FR,fr,site_treino,,,,,,,na_fonte,https://www.instagram.com/nutsr_games/,"formation cash game & MTT online, 80h video",
mundo,monsterpokercommunity,https://www.instagram.com/monsterpokercommunity/,https://ig.me/m/monsterpokercommunity,alto,Time/escola de MTT com público de estudo; um acordo alcança vários jogadores.,Monster Poker Community,,,comunidade,,,,,,,na_fonte,https://www.instagram.com/monsterpokercommunity/,study group; aprendizado,MTT nao confirmado na bio
mundo,poker.space.school,https://www.instagram.com/poker.space.school/,https://ig.me/m/poker.space.school,alto,Time/escola de MTT com público de estudo; um acordo alcança vários jogadores.,Poker Space,IT,it,escola,,,,,,,na_fonte,https://www.instagram.com/poker.space.school/,escola de poker online,MTT nao confirmado na bio
mundo,pokeracademie,https://www.instagram.com/pokeracademie/,https://ig.me/m/pokeracademie,alto,Time/escola de MTT com público de estudo; um acordo alcança vários jogadores.,Poker Academie,FR,fr,escola,15,,,,,,na_fonte,https://www.instagram.com/pokeracademie/,"escola/coaching francofona, 2500 conteudos",15 coaches segundo bio; MTT provavel confirmar
mundo,pokercoachingdotcom,https://www.instagram.com/pokercoachingdotcom/,https://ig.me/m/pokercoachingdotcom,médio,"Ferramenta/site de treino: público de estudo, mas concorre ou se sobrepõe à Aura.",PokerCoaching.com (Jonathan Little),US,en,site_treino,,,,,,,na_fonte,https://www.instagram.com/pokercoachingdotcom/,treino interativo com foco torneios,MTT provavel
mundo,stepup_poker,https://www.instagram.com/stepup_poker/,https://ig.me/m/stepup_poker,alto,Time/escola de MTT com público de estudo; um acordo alcança vários jogadores.,Step Up Poker,,,escola,,,,,,,na_fonte,https://www.instagram.com/stepup_poker/,"Coaching 360, en/fr",
mundo,purepokercoaching,https://www.instagram.com/purepokercoaching/,https://ig.me/m/purepokercoaching,alto,Time/escola de MTT com público de estudo; um acordo alcança vários jogadores.,Pure Poker Coaching,FR,fr,escola,3,,,,,,na_fonte,https://www.instagram.com/purepokercoaching/,"plataforma de coaching francofona, 3 coaches",MTT nao confirmado
mundo,beyourbpoker,https://www.instagram.com/beyourbpoker/,https://ig.me/m/beyourbpoker,alto,Time/escola de MTT com público de estudo; um acordo alcança vários jogadores.,Mtt-Project,,,escola,,,,,,,na_fonte,https://www.instagram.com/beyourbpoker/,escola de poker MTT (es),
mundo,mvpteam_poker,https://www.instagram.com/mvpteam_poker/,https://ig.me/m/mvpteam_poker,alto,Time/escola de MTT com público de estudo; um acordo alcança vários jogadores.,MVP Team,RU,ru,escola,,,,,,,na_fonte,https://www.instagram.com/mvpteam_poker/,"escola online MTT, 30h treino/mes",promessa de resultados nao verificada
mundo,spinelitepoker,https://www.instagram.com/spinelitepoker/,https://ig.me/m/spinelitepoker,alto,Time/escola de MTT com público de estudo; um acordo alcança vários jogadores.,Spin Elite Poker,FR,fr,stable,,,,,,,na_fonte,https://www.instagram.com/spinelitepoker/,staking/coaching spins e MTT francofono,foco spins; MTT parcial
mundo,pokermagia,https://www.instagram.com/pokermagia/,https://ig.me/m/pokermagia,alto,Time/escola de MTT com público de estudo; um acordo alcança vários jogadores.,Pokermagia,IT,it,escola,22,,,,,,na_fonte,https://www.instagram.com/pokermagia/,"escola italiana 22 coaches, foco Spin&Go",MTT parcial
mundo,itzpokeracademy,https://www.instagram.com/itzpokeracademy/,https://ig.me/m/itzpokeracademy,alto,Time/escola de MTT com público de estudo; um acordo alcança vários jogadores.,In The Zone Poker Academy,IT,it,escola,,,,,,,na_fonte,https://www.instagram.com/itzpokeracademy/,escola n1 Italia para profissionais,
mundo,acepokerteam,https://www.instagram.com/acepokerteam/,https://ig.me/m/acepokerteam,médio,Revisar.,Ace Poker Team,,,,na_fonte,team de poker (bio nao detalhada),,,,,,time,busca,
mundo,holder_poker,https://www.instagram.com/holder_poker/,https://ig.me/m/holder_poker,alto,Time/escola de MTT com público de estudo; um acordo alcança vários jogadores.,Poker tutor MTT (holder_poker),RU,ru,escola,,,,,,,na_fonte,https://www.instagram.com/holder_poker/,"treinador MTT, alunos ganharam >300k",coach individual
mundo,funfarm.project,https://www.instagram.com/funfarm.project/,https://ig.me/m/funfarm.project,alto,Time/escola de MTT com público de estudo; um acordo alcança vários jogadores.,Funfarm Project (backing),RU,ru,stable,,,,,,,na_fonte,https://www.instagram.com/funfarm.project/,ensino e backing de jogadores MTT,
mundo,teambaspoker,https://www.instagram.com/teambaspoker/,https://ig.me/m/teambaspoker,médio,Revisar.,Team Bas Poker,,,,na_fonte,time de poker; MTT a confirmar,,,,,,time,busca,
mundo,redchippoker,https://www.instagram.com/redchippoker/,https://ig.me/m/redchippoker,médio,"Ferramenta/site de treino: público de estudo, mas concorre ou se sobrepõe à Aura.",Red Chip Poker,US,en,site_treino,,,,https://www.redchippoker.com,,sem email nem pagina de contato no site; Red Chip Poker LLC,na_fonte,https://www.redchippoker.com,"site de treino listado no PokerNews (MTT/cash), IG no rodape do site",sem email nem contato no site; Red Chip Poker LLC
mundo,pokerizate,https://www.instagram.com/pokerizate/,https://ig.me/m/pokerizate,alto,Time/escola de MTT com público de estudo; um acordo alcança vários jogadores.,Establo de Poker MTT (Pokerizate),,es,stable,,,,,,,na_fonte,https://www.instagram.com/pokerizate/,establo/stable de MTT em espanhol,
mundo,bitbpoker,https://www.instagram.com/bitbpoker/,https://ig.me/m/bitbpoker,alto,Time/escola de MTT com público de estudo; um acordo alcança vários jogadores.,Best in the Business (Bitb Poker),,en,time,5000,,,,,,na_fonte,https://www.instagram.com/bitbpoker/,"time MTT fundado por Pads, Elmerixx e europeAn; diz >5000 grinders",
mundo,standardbacking,https://www.instagram.com/standardbacking/,https://ig.me/m/standardbacking,alto,Time/escola de MTT com público de estudo; um acordo alcança vários jogadores.,Standard Backing,,en,stable,1000,,,https://www.standardbacking.com,,,na_fonte,https://www.instagram.com/standardbacking/,"stake/coaching MTT e SNG, 15 anos, 1000+ jogadores, 50+ paises (site)",sem email; formulario de aplicacao no site; YouTube @standardbacking
mundo,propokerbacking,https://www.instagram.com/propokerbacking/,https://ig.me/m/propokerbacking,alto,Time/escola de MTT com público de estudo; um acordo alcança vários jogadores.,ProPokerBacking,,en,stable,,,,,,,na_fonte,https://www.instagram.com/propokerbacking/,backing de jogadores de poker,MTT a confirmar
mundo,gto_lab,https://www.instagram.com/gto_lab/,https://ig.me/m/gto_lab,médio,"Ferramenta/site de treino: público de estudo, mas concorre ou se sobrepõe à Aura.",GTO LAB,,en,site_treino,,,,,,,na_fonte,https://www.instagram.com/gto_lab/,"MTT Poker Coaching + GTO Trainer, bootcamp WSOP",
mundo,mechanicsofpoker,https://www.instagram.com/mechanicsofpoker/,https://ig.me/m/mechanicsofpoker,alto,Time/escola de MTT com público de estudo; um acordo alcança vários jogadores.,Mechanics of Poker,,en,escola,,,,,,,na_fonte,https://www.instagram.com/mechanicsofpoker/,comunidade/aprendizado de poker,MTT a confirmar
mundo,simplepoker,https://www.instagram.com/simplepoker/,https://ig.me/m/simplepoker,médio,"Ferramenta/site de treino: público de estudo, mas concorre ou se sobrepõe à Aura.",Simple Poker,,en,site_treino,,,,,,,na_fonte,https://www.instagram.com/simplepoker/,solver GTO e trainer; 100k+ jogadores,MTT/ICM a confirmar; Simple Postflop e produto relacionado
mundo,deepsolver,https://www.instagram.com/deepsolver/,https://ig.me/m/deepsolver,médio,"Ferramenta/site de treino: público de estudo, mas concorre ou se sobrepõe à Aura.",Deepsolver,,en,site_treino,,,,,,,na_fonte,https://www.instagram.com/deepsolver/,app para aprender GTO/exploitative,
mundo,lucidpokertrainer,https://www.instagram.com/lucidpokertrainer/,https://ig.me/m/lucidpokertrainer,médio,"Ferramenta/site de treino: público de estudo, mas concorre ou se sobrepõe à Aura.",Lucid Poker,,en,site_treino,,,,,,,na_fonte,https://www.instagram.com/lucidpokertrainer/,trainer de poker,MTT a confirmar
mundo,hybridpoker,https://www.instagram.com/hybridpoker/,https://ig.me/m/hybridpoker,médio,"Ferramenta/site de treino: público de estudo, mas concorre ou se sobrepõe à Aura.",Hybrid Poker,,en,site_treino,,,,,,,na_fonte,https://www.instagram.com/hybridpoker/,modelo adaptativo de treino GTO,MTT a confirmar
mundo,playpokerskill,https://www.instagram.com/playpokerskill/,https://ig.me/m/playpokerskill,médio,"Ferramenta/site de treino: público de estudo, mas concorre ou se sobrepõe à Aura.",Poker Skill App,,en,site_treino,,,,,,,na_fonte,https://www.instagram.com/playpokerskill/,app de skill poker,MTT a confirmar
mundo,learnpropokerofficial,https://www.instagram.com/learnpropokerofficial/,https://ig.me/m/learnpropokerofficial,médio,"Ferramenta/site de treino: público de estudo, mas concorre ou se sobrepõe à Aura.",Learn Pro Poker,,en,site_treino,,,,,,,na_fonte,https://www.instagram.com/learnpropokerofficial/,treino de poker,MTT a confirmar
mundo,vipgrinderspoker,https://www.instagram.com/vipgrinderspoker/,https://ig.me/m/vipgrinderspoker,alto,Time/escola de MTT com público de estudo; um acordo alcança vários jogadores.,VIP-Grinders,,en,comunidade,,,,,,,na_fonte,https://www.instagram.com/vipgrinderspoker/,"afiliado, rake races, freerolls; guias de staking",
mundo,cardgrinders,https://www.instagram.com/cardgrinders/,https://ig.me/m/cardgrinders,alto,Time/escola de MTT com público de estudo; um acordo alcança vários jogadores.,Card Grinders,,en,stable,,,,,,,na_fonte,https://www.instagram.com/cardgrinders/,"forma jogadores profissionais, foco Spin&Go/HUSNG",foco nao-MTT classico
mundo,op.poker,https://www.instagram.com/op.poker/,https://ig.me/m/op.poker,alto,Time/escola de MTT com público de estudo; um acordo alcança vários jogadores.,OP Poker,,en,comunidade,,,,,,,na_fonte,https://www.instagram.com/op.poker/,comunidade Spin&Go com parceiros Twitch,foco Spin&Go
mundo,pokeren.nl,https://www.instagram.com/pokeren.nl/,https://ig.me/m/pokeren.nl,alto,Time/escola de MTT com público de estudo; um acordo alcança vários jogadores.,Pokeren.nl,NL,nl,comunidade,,,,,,,na_fonte,https://www.instagram.com/pokeren.nl/,maior comunidade de poker da Holanda,MTT a confirmar
mundo,nicocoachpoker,https://www.instagram.com/nicocoachpoker/,https://ig.me/m/nicocoachpoker,alto,Time/escola de MTT com público de estudo; um acordo alcança vários jogadores.,Nico Coach Poker,FR,fr,escola,,,,,,,na_fonte,https://www.instagram.com/nicocoachpoker/,"coach frances, formacao online, torneios partypoker",
mundo,neuronpoker,https://www.instagram.com/neuronpoker/,https://ig.me/m/neuronpoker,alto,Time/escola de MTT com público de estudo; um acordo alcança vários jogadores.,Aaron (neuronpoker),,en,escola,,,,,,,na_fonte,https://www.instagram.com/neuronpoker/,coaching poker,MTT a confirmar
mundo,winamax,https://www.instagram.com/winamax/,https://ig.me/m/winamax,baixo,"Conta de marca de sala, não é time de jogadores.",Winamax Poker (Team Pro),FR,fr,time,15,Winamax,,,,,na_fonte,https://www.instagram.com/winamax/,Team Winamax Pro (~15 pros 2018); WPT Winamax,conta da sala; tamanho de 2018
mundo,winamax_espana,https://www.instagram.com/winamax_espana/,https://ig.me/m/winamax_espana,baixo,"Conta de marca de sala, não é time de jogadores.",Winamax Poker Espana,ES,es,time,,Winamax,,,,,na_fonte,https://www.instagram.com/winamax_espana/,conta ES da sala,
mundo,sitbonjulien,https://www.instagram.com/sitbonjulien/,https://ig.me/m/sitbonjulien,alto,Time/escola de MTT com público de estudo; um acordo alcança vários jogadores.,Julien Sitbon,FR,fr,time,,Winamax,,,,,na_fonte,https://www.instagram.com/sitbonjulien/,bio: Team Pro Winamax,jogador individual
mundo,romainlewis_,https://www.instagram.com/romainlewis_/,https://ig.me/m/romainlewis_,alto,Time/escola de MTT com público de estudo; um acordo alcança vários jogadores.,Romain Lewis,GB,en,time,,Winamax,,,,,na_fonte,https://www.instagram.com/romainlewis_/,bio: embaixador Winamax,jogador individual
mundo,wptglobal,https://www.instagram.com/wptglobal/,https://ig.me/m/wptglobal,baixo,"Conta de marca de sala, não é time de jogadores.",WPT Global,,en,time,,WPT Global,,,,,na_fonte,https://www.instagram.com/wptglobal/,sala online WPT Global com embaixadores MTT,~36k seg
mundo,wptglobalca,https://www.instagram.com/wptglobalca/,https://ig.me/m/wptglobalca,baixo,"Conta de marca de sala, não é time de jogadores.",WPT Global Canada,CA,en,time,,WPT Global,,,,,na_fonte,https://www.instagram.com/wptglobalca/,conta regional da sala,
mundo,partypokerlive,https://www.instagram.com/partypokerlive/,https://ig.me/m/partypokerlive,baixo,"Conta de marca de sala, não é time de jogadores.",partypoker Live,,en,time,,partypoker,,,,,na_fonte,https://www.instagram.com/partypokerlive/,sala/circuito partypoker,
mundo,partypoker,https://www.instagram.com/partypoker/,https://ig.me/m/partypoker,baixo,"Conta de marca de sala, não é time de jogadores.",PartyPoker,,en,time,,partypoker,,,,,na_fonte,https://www.instagram.com/partypoker/,conta da sala,
mundo,poker888poker,https://www.instagram.com/poker888poker/,https://ig.me/m/poker888poker,baixo,"Conta de marca de sala, não é time de jogadores.",888poker,,en,time,,888poker,,,,,na_fonte,https://www.instagram.com/poker888poker/,conta 888poker,nao confirmado como oficial global
mundo,888pokerspain,https://www.instagram.com/888pokerspain/,https://ig.me/m/888pokerspain,baixo,"Conta de marca de sala, não é time de jogadores.",888poker Espana,ES,es,time,,888poker,,,,,na_fonte,https://www.instagram.com/888pokerspain/,conta ES da sala,
mundo,ggpoker,https://www.instagram.com/ggpoker/,https://ig.me/m/ggpoker,baixo,"Conta de marca de sala, não é time de jogadores.",GGPoker,,en,time,,GGPoker,,,,,na_fonte,https://www.instagram.com/ggpoker/,"Team GGPoker (Negreanu, Holz, Martin, Mizrachi, ElkY...)",
mundo,ggpokerde,https://www.instagram.com/ggpokerde/,https://ig.me/m/ggpokerde,baixo,"Conta de marca de sala, não é time de jogadores.",GGPoker Deutschland,DE,de,time,,GGPoker,,,,,na_fonte,https://www.instagram.com/ggpokerde/,conta regional,
mundo,ggpokerpolska,https://www.instagram.com/ggpokerpolska/,https://ig.me/m/ggpokerpolska,baixo,"Conta de marca de sala, não é time de jogadores.",GGPoker Polska,PL,pl,time,,GGPoker,,,,,na_fonte,https://www.instagram.com/ggpokerpolska/,conta regional,
mundo,ggpokersuomi,https://www.instagram.com/ggpokersuomi/,https://ig.me/m/ggpokersuomi,baixo,"Conta de marca de sala, não é time de jogadores.",GGPoker Suomi,FI,fi,time,,GGPoker,,,,,na_fonte,https://www.instagram.com/ggpokersuomi/,conta regional,
mundo,ggpoker_ua,https://www.instagram.com/ggpoker_ua/,https://ig.me/m/ggpoker_ua,baixo,"Conta de marca de sala, não é time de jogadores.",GG Poker UA,UA,uk,time,,GGPoker,,,,,na_fonte,https://www.instagram.com/ggpoker_ua/,conta regional,
mundo,ggpokerindia,https://www.instagram.com/ggpokerindia/,https://ig.me/m/ggpokerindia,baixo,"Conta de marca de sala, não é time de jogadores.",GGPoker India,IN,en,time,,GGPoker,,,,,na_fonte,https://www.instagram.com/ggpokerindia/,conta regional,
mundo,japan.top.team,https://www.instagram.com/japan.top.team/,https://ig.me/m/japan.top.team,alto,Time/escola de MTT com público de estudo; um acordo alcança vários jogadores.,Japan Top Team,JP,ja,time,,,,,,,na_fonte,https://www.instagram.com/japan.top.team/,time japones de poker (bio nao detalhada),MTT a confirmar
mundo,kkpokerjapan,https://www.instagram.com/kkpokerjapan/,https://ig.me/m/kkpokerjapan,alto,Time/escola de MTT com público de estudo; um acordo alcança vários jogadores.,KK Japan Poker Club,JP,ja,comunidade,,,,,,,na_fonte,https://www.instagram.com/kkpokerjapan/,clube KKPoker Japao,nao MTT-treino
mundo,pokerfluency,https://www.instagram.com/pokerfluency/,https://ig.me/m/pokerfluency,alto,Time/escola de MTT com público de estudo; um acordo alcança vários jogadores.,Matt Hunt (Poker Fluency),,en,escola,,,,,,,na_fonte,https://www.instagram.com/pokerfluency/,"coach de GTO, diz clientes com 5M+ de ganhos",coach individual; MTT a confirmar
mundo,descartespoker,https://www.instagram.com/descartespoker/,https://ig.me/m/descartespoker,alto,Time/escola de MTT com público de estudo; um acordo alcança vários jogadores.,JuanMa Gonzalez Poker & Coach Online,ES,es,escola,,,,,,,na_fonte,https://www.instagram.com/descartespoker/,coach online de poker,MTT a confirmar; ja ha juanmalakastyle em latam.csv (outro perfil)
mundo,elitepokercoach,https://www.instagram.com/elitepokercoach/,https://ig.me/m/elitepokercoach,alto,Time/escola de MTT com público de estudo; um acordo alcança vários jogadores.,Elite Poker Coaching,,en,escola,,,,,,,na_fonte,https://www.instagram.com/elitepokercoach/,coaching de poker,conta pequena; MTT a confirmar
mundo,academy_poker,https://www.instagram.com/academy_poker/,https://ig.me/m/academy_poker,alto,Time/escola de MTT com público de estudo; um acordo alcança vários jogadores.,Akademiya Pokera,RU,ru,escola,,,,,,,na_fonte,https://www.instagram.com/academy_poker/,"curso de poker, 80 mil formados (bio)",MTT a confirmar
mundo,asiapokeracademy,https://www.instagram.com/asiapokeracademy/,https://ig.me/m/asiapokeracademy,alto,Time/escola de MTT com público de estudo; um acordo alcança vários jogadores.,Asia Poker Academy,,,escola,,,,,,,na_fonte,https://www.instagram.com/asiapokeracademy/,academia de poker asiatica,pais e MTT a confirmar
mundo,mypokeracademy,https://www.instagram.com/mypokeracademy/,https://ig.me/m/mypokeracademy,alto,Time/escola de MTT com público de estudo; um acordo alcança vários jogadores.,Poker Academy,,en,escola,,,,,,,na_fonte,https://www.instagram.com/mypokeracademy/,academia de poker,MTT a confirmar
mundo,atpokerteam,https://www.instagram.com/atpokerteam/,https://ig.me/m/atpokerteam,alto,Time/escola de MTT com público de estudo; um acordo alcança vários jogadores.,AT Poker Team,RO,ro,time,,GGPoker,,,,,na_fonte,https://www.instagram.com/atpokerteam/,bio: Team GG Romania; freerolls e maos,
mundo,natural8,https://www.instagram.com/natural8/,https://ig.me/m/natural8,baixo,"Conta de marca de sala, não é time de jogadores.",Natural8 (N8 Official),,en,time,,Natural8,,,,,na_fonte,https://www.instagram.com/natural8/,"maior sala asiatica; Team Hot, embaixadores MTT",~29k seg; status da sala incerto
mundo,natural8.th,https://www.instagram.com/natural8.th/,https://ig.me/m/natural8.th,baixo,"Conta de marca de sala, não é time de jogadores.",Natural8 Thailand,TH,th,time,,Natural8,,,,,na_fonte,https://www.instagram.com/natural8.th/,conta regional,
mundo,natural8.taiwan,https://www.instagram.com/natural8.taiwan/,https://ig.me/m/natural8.taiwan,baixo,"Conta de marca de sala, não é time de jogadores.",Natural8 Taiwan,TW,zh,time,,Natural8,,,,,na_fonte,https://www.instagram.com/natural8.taiwan/,conta regional,
mundo,natural8indiaofficial,https://www.instagram.com/natural8indiaofficial/,https://ig.me/m/natural8indiaofficial,baixo,"Conta de marca de sala, não é time de jogadores.",Natural8 India,IN,en,time,,Natural8,,,,,na_fonte,https://www.instagram.com/natural8indiaofficial/,conta regional,
mundo,coinpoker,https://www.instagram.com/coinpoker/,https://ig.me/m/coinpoker,baixo,"Conta de marca de sala, não é time de jogadores.",CoinPoker,,en,time,,CoinPoker,,,,,na_fonte,https://www.instagram.com/coinpoker/,sala cripto; parceiros e embaixadores individuais,~23k seg
mundo,consciouspoker,https://www.instagram.com/consciouspoker/,https://ig.me/m/consciouspoker,médio,"Ferramenta/site de treino: público de estudo, mas concorre ou se sobrepõe à Aura.",Conscious Poker (Poker Strategy & Coaching),,en,site_treino,,,,,,,na_fonte,https://www.instagram.com/consciouspoker/,programa de 8 semanas + newsletter; listado no PokerNews,MTT a confirmar
mundo,pokerstrategy_english,https://www.instagram.com/pokerstrategy_english/,https://ig.me/m/pokerstrategy_english,médio,"Ferramenta/site de treino: público de estudo, mas concorre ou se sobrepõe à Aura.",PokerStrategy.com,,en,site_treino,,,support@pokerstrategy.com,https://www.pokerstrategy.com,,https://www.pokerstrategy.com/home/support/,na_fonte,https://www.instagram.com/pokerstrategy_english/,"escola online gratuita de poker, forum","email de suporte, nao parceria; sem contato comercial publico"
mundo,bbzdrummond,https://www.instagram.com/bbzdrummond/,https://ig.me/m/bbzdrummond,alto,Time/escola de MTT com público de estudo; um acordo alcança vários jogadores.,Jordan Drummond (fundador BBZ),CA,en,stable,9,,,,,,na_fonte,https://www.instagram.com/bbzdrummond/,fundador/CEO/head coach do BBZ Poker (9 coaches listados),"BBZ tem BBZ Academy, BBZ Latam e BBZ Italy"
mundo,pekarstas,https://www.instagram.com/pekarstas/,https://ig.me/m/pekarstas,alto,Time/escola de MTT com público de estudo; um acordo alcança vários jogadores.,Obuchenie pokeru PekarStas,RU,ru,escola,,,,,,,na_fonte,https://www.instagram.com/pekarstas/,ensino de poker,MTT a confirmar
mundo,winwinpoker,https://www.instagram.com/winwinpoker/,https://ig.me/m/winwinpoker,alto,Time/escola de MTT com público de estudo; um acordo alcança vários jogadores.,Win-Win Poker School (Spin&Go),RU,ru,escola,,,,,,,na_fonte,https://www.instagram.com/winwinpoker/,escola de poker Spin&Go,foco Spin&Go
mundo,sportpokerkz,https://www.instagram.com/sportpokerkz/,https://ig.me/m/sportpokerkz,alto,Time/escola de MTT com público de estudo; um acordo alcança vários jogadores.,Poker Kazakhstana,KZ,ru,comunidade,,,,,,,na_fonte,https://www.instagram.com/sportpokerkz/,noticias de poker no Cazaquistao,
mundo,poker_school_,https://www.instagram.com/poker_school_/,https://ig.me/m/poker_school_,alto,Time/escola de MTT com público de estudo; um acordo alcança vários jogadores.,Poker school by Grand Victory,UA,ru,escola,,,,,,,na_fonte,https://www.instagram.com/poker_school_/,"escola ucraniana para mulheres, online e offline",MTT a confirmar
mundo,,,,médio,"Ferramenta/site de treino: público de estudo, mas concorre ou se sobrepõe à Aura.",Jaka Coaching,,,site_treino,11,,hello@jakacoaching.com,https://www.jakacoaching.com,,https://jakacoaching.com/pages/contact_us,nome_sem_handle,https://www.pokernews.com/poker-coaching/jaka-coaching/ext/,"coaching MTT/solver; 11 coaches (Jaka, Rabichow, Loosli, Gathy...)",email do site de coaching (suporte/geral)
mundo,,,,médio,"Ferramenta/site de treino: público de estudo, mas concorre ou se sobrepõe à Aura.",Hand2Note,,,site_treino,,,support@hand2note.com,https://www.hand2note.com,,https://www.hand2note.com/AboutUs,nome_sem_handle,https://www.hand2note.com,HUD/software para profissionais (MTT suportado),"support@ e suporte; parceria: andrii.plakhotnyi@hand2note.com (literal na pagina AboutUs, contato de parcerias)"
mundo,,,,médio,"Ferramenta/site de treino: público de estudo, mas concorre ou se sobrepõe à Aura.",HoldemResources (HRC),AT,en,site_treino,,,,https://holdemresources.net,,https://discord.holdemresources.net,nome_sem_handle,https://holdemresources.net,"calculadora ICM/solver MTT, GmbH Viena",sem email; contato so via Discord; GmbH Viena
mundo,,,,médio,"Ferramenta/site de treino: público de estudo, mas concorre ou se sobrepõe à Aura.",ICMIZER,,,site_treino,,,,https://www.icmizer.com,,,nome_sem_handle,https://www.icmizer.com,ICM/preflop e Postflopizer,sem contato publico na home
mundo,,,,médio,"Ferramenta/site de treino: público de estudo, mas concorre ou se sobrepõe à Aura.",PioSOLVER,,,site_treino,,,,https://piosolver.com,,,nome_sem_handle,https://piosolver.com,solver GTO holdem,sem contato na home
mundo,,,,médio,"Ferramenta/site de treino: público de estudo, mas concorre ou se sobrepõe à Aura.",Advanced Poker Training,US,en,site_treino,,,,https://www.pokertraining.com,,,nome_sem_handle,https://www.pokertraining.com/,"simulador de treino cash/SNG/MTT, pros: Fitzgerald, James...",
mundo,,,,médio,"Ferramenta/site de treino: público de estudo, mas concorre ou se sobrepõe à Aura.",Tournament Poker Edge,US,en,site_treino,,,,https://www.tournamentpokeredge.com,,https://www.tournamentpokeredge.com/contact-us/,nome_sem_handle,https://www.tournamentpokeredge.com,"treino de torneios, foruns, podcasts (Online Gaming Edge LLC)",contato so por formulario
mundo,,,,alto,Time/escola de MTT com público de estudo; um acordo alcança vários jogadores.,StakeKings,,,stable,,,,https://stakekings.com,,,nome_sem_handle,https://www.pokernews.com/poker-staking.htm,exchange de staking; tambem YouStake redireciona,plataforma de staking (youstake.com redireciona)
