"handle","email","site_ou_link","agencia_ou_empresario","fonte_url","tipo_contato","observacao"
"aakkari","","","9ine (agencia de comunicacao/marketing esportivo)","https://maquinadoesporte.com.br/?p=20925","agencia","materia sem data; vinculo atual nao confirmado; bio indexada sem contato"
"rafaelmoraesgm","","","","","nenhum","nada_publico"
"felipemojave","","","PokerStrategy.com (coach contratado, segundo busca)","https://www.pokerstrategy.com/pt/?p=10726","nenhum","pagina PokerStrategy sem contato direto; bio indexada sem e-mail; nada_publico"
"yurinerdguy","","","","","nenhum","nada_publico"
"oliviogontijo","","","","https://www.instagram.com/oliviogontijo/","bio","bio indexada diz aberto a parcerias de marcas, mas sem e-mail/link indexado"
"danie10liveira","","","","","nenhum","nada_publico"
"pitaoufmg","","","","","nenhum","nada_publico"
"leofoliveira","","","","","nenhum","nada_publico"
"felipephil","","","","","nenhum","nada_publico"
"tgrigoletti","","","","","nenhum","nada_publico"
"luizftorres14","","","","","nenhum","nada_publico"
"marcosepa","","","","","nenhum","nada_publico"
"joaosimao_oficial","","","","","nenhum","nada_publico"
"thedecano","","","","","nenhum","nada_publico"
"pvigar","","","","","nenhum","nada_publico"
"otsukaxd","","","parceria citada na bio: @goodfellaspoker","https://www.instagram.com/otsukaxd/","bio","bio indexada sem email"
"kelvinkerber","","","","","nenhum","nada_publico"
"nataliehoframos","","","","","nenhum","nada_publico"
"sambapokerteam","","","","","nenhum","nada_publico"
"suitspokerteam","","https://suitspokerteam.com.br","","https://www.suitspokerteam.com.br","site","site oficial so com formulario Typeform de recrutamento; sem e-mail"
"midaspokerteam","","https://www.midasteam.com.br","","https://www.midasteam.com.br","site","site oficial com botao Fale conosco por WhatsApp (processo seletivo); sem e-mail"
"heroespokerteam","","","","","nenhum","nada_publico"
"stepschoolpoker","","","","","nenhum","nada_publico"
"reglifepoker","","https://reglife.com.br/atendimento/","","https://www.reglife.com.br","site","pagina de atendimento do site; sem e-mail publicado; empresa do app: WAID Tecnologia da Informacao Ltda (loja de apps)"
"pokerlab","","https://grupo.pokerlab.com.br","","https://grupo.pokerlab.com.br/blog/pokerlab-ecosystem","site","site do grupo citado em blog; email nao localizado"
"curitibapokerschool","","","","https://www.instagram.com/curitibapokerschool/","bio","bio indexada lista WhatsApp como contato (numero nao registrado aqui); sem site/e-mail"
"cncpokerbr","","","","https://www.instagram.com/cncpokerbr/","bio","bio indexada sem e-mail; sem site localizado"
"geracaopropoker","","","","","nenhum","nada_publico"
"teamexploitpoker","","","","","nenhum","nada_publico"
"evolutionpoker_","","","","","nenhum","nada_publico"
"naza114_oficial","","","","","nenhum","nada_publico"
"polarizepoker_","","","","","nenhum","nada_publico"
"pokerlifebrasil","","","","","nenhum","nada_publico"
"mundopokerbr","contato@mundopoker.com.br","https://www.mundopoker.com.br","","https://www.mundopoker.com.br","site","email de contato geral no rodape; sem email comercial separado"
"bsopoficial","","https://bsop.com.br","Cris Moraes Comunicacao (assessoria de imprensa, segundo materia)","https://grandesnomesdapropaganda.com.br/?p=184899","site","email de suporte ofuscado no site; pagina /imprensa/ sem email; vinculo da agencia pode estar desatualizado"
"brasilpoker","","https://brasilpoker.com.br/contato/","","https://brasilpoker.com.br/contato/","site","formulario de contato e grupo de WhatsApp no site; sem e-mail"
"livepokerbr","","","","","nenhum","nada_publico"
"_pokerbrasil","","","","","nenhum","nada_publico"
"peco_lico","","","","https://www.instagram.com/peco_lico/","bio","bio cita Twitch/YouTube e patrocinadores Live Sponsors Brasil e SOS Fichas; sem e-mail"
"pamelabalzano","","","","","nenhum","nada_publico"
"brazilianpokerplayers","","","","","nenhum","nada_publico"
"gtavares.10","","","","","nenhum","nada_publico"
"allansheik","","","","","nenhum","nada_publico"
"yurirodriguess","","","","","nenhum","nada_publico"
"gabriel.vmn","","","","","nenhum","nada_publico"
"sambapokerlatam","","","","","nenhum","nada_publico"
"sambaresenhateam","","","","","nenhum","nada_publico"
"highlimitpokerbrasil","","","CEO do perfil: Mateus Carrion de Moraes (@zinhaooo)","https://www.instagram.com/zinhaooo/","bio","sem e-mail nem site localizados; transmitido em BM&C News e YouTube"
"pokercpbr","","","","","nenhum","nada_publico"
"escoladopoker","","","","","nenhum","nada_publico"
