handle,email,site_ou_link,agencia_ou_empresario,fonte_url,tipo_contato,observacao
dnegspoker,,,"Manager Jim Hess (diretorio, sem e-mail); booking via All American Speakers",https://bookingagentinfo.com/celebrity/daniel-negreanu/,agencia,sem_email_publico
philhellmuthpositivity,,,,https://www.instagram.com/philhellmuthpositivity/,nenhum,nada_publico; bio indexada sem e-mail/link no trecho
jasonkoon,,,Poker Royalty (representacao desde fev/2024),https://www.pokernews.com/news/2024/02/jason-koon-signs-with-poker-royalty-45402.htm,agencia,sem_email_publico; confirmar se vigente
brynkenney,,,,https://www.instagram.com/brynkenney/,nenhum,nada_publico; bio indexada sem e-mail/link no trecho
wafoxen,,,Chip Leader Coaching (@clcpoker),https://www.instagram.com/wafoxen/,bio,"bio indexada menciona e-mail de coaching/conteudo, trecho sem o endereco literal; conferir manualmente"
kristen_foxen,,,Chip Leader Coaching (@clcpoker),https://www.instagram.com/kristen_foxen/,bio,"bio indexada menciona e-mail de coaching, trecho sem o endereco literal; conferir manualmente"
amadi17,,,,https://www.instagram.com/amadi17/,nenhum,nada_publico; bio indexada sem e-mail/link no trecho
all_in_ali_poker,,,,,nenhum,nada_publico; bio nao indexada pela busca
barnyboatman,,,,https://www.instagram.com/barnyboatman/,nenhum,nada_publico; bio indexada sem e-mail/link no trecho
ben___heath,,,,https://www.instagram.com/ben___heath/,nenhum,nada_publico; bio indexada sem e-mail/link no trecho
bennyglaser_,,,,,nenhum,nada_publico; bio nao indexada pela busca
seidelpics,,,,https://www.instagram.com/seidelpics/,nenhum,nada_publico; bio indexada sem e-mail/link no trecho
rampaagepoker,,,,https://www.instagram.com/rampaagepoker/,bio,bio com link para YouTube e codigo; sem contato no trecho
iansimpsonpoker,,,,https://www.instagram.com/iansimpsonpoker/,nenhum,nada_publico; bio indexada sem e-mail/link no trecho
jeffplatt1,,,,,nenhum,nada_publico; bio nao indexada pela busca
jcardshark,,https://www.pokercoaching.com/contact-us/,PokerCoaching.com (empresa),https://www.pokercoaching.com/contact,site,"so ha e-mail de suporte/reembolso, nao registrado"
zeejustin,,,,https://www.instagram.com/zeejustin/,nenhum,nada_publico; bio indexada sem e-mail/link no trecho
thegrinder44,,,,https://www.instagram.com/thegrinder44/,nenhum,nada_publico; bio indexada sem e-mail/link no trecho
firaldo87,,,,https://www.instagram.com/firaldo87/,nenhum,nada_publico; bio indexada sem e-mail/link no trecho
philivey,,,,https://www.instagram.com/philivey/,nenhum,nada_publico; bio indexada sem e-mail/link no trecho
timothy.adams86,,,,https://www.instagram.com/timothy.adams86/,nenhum,nada_publico; bio indexada sem e-mail/link no trecho
tonydunsttv,,,,,nenhum,nada_publico; bio nao indexada pela busca
antanasguoga,,,,,nenhum,nada_publico; bio nao indexada pela busca
yayandrew,,,,https://www.instagram.com/yayandrew/,nenhum,nada_publico; bio indexada sem e-mail/link no trecho
bradowen1,,,,https://www.instagram.com/bradowen1/,nenhum,nada_publico; bio indexada sem e-mail/link no trecho
vaughngto,,,,,nenhum,nada_publico; bio nao indexada pela busca
maria_ho,,,,,nenhum,nada_publico
martinkabrhel,,,,,nenhum,nada_publico
magicantonio,,,,,nenhum,nada_publico
vanessarousso,,,,,nenhum,nada_publico
giljackpoker,,,,,nenhum,nada_publico
kingargentina,,,,,nenhum,nada_publico
noahmonclapoker,,,,,nenhum,nada_publico
tomdwan,,,,,nenhum,nada_publico
williamkassouf,,,,,nenhum,nada_publico
bobbyjamespoker,,,,,nenhum,nada_publico
fitnessfarang,,,,,nenhum,nada_publico
cassandrayong,,,,,nenhum,nada_publico
knowyourpoker,,,,,nenhum,nada_publico
joshmanleypoker,,,,,nenhum,nada_publico
gjreggie,,,,,nenhum,nada_publico
mben10_,,,,,nenhum,nada_publico
duncanshenyc,,,,,nenhum,nada_publico
victoriacorenmitchell,,,,,nenhum,nada_publico
matthew_stapless,,,,,nenhum,nada_publico
emilio_uls,,,,,nenhum,nada_publico
ddvoress,,,,,nenhum,nada_publico
gregfbt,,,,,nenhum,nada_publico
pokerwithriske,,,,,nenhum,nada_publico
david.guay1,,,,,nenhum,nada_publico
xavierdrolet_,,,,,nenhum,nada_publico
balloo711,,,,,nenhum,nada_publico
dannytang7,,,,,nenhum,nada_publico
berkey11,,,,https://www.instagram.com/berkey11/,nenhum,nada_publico; bio indexada sem e-mail/link no trecho
jakepropoker,,,,,nenhum,nada_publico
clcpoker,,,,https://www.instagram.com/clcpoker/,nenhum,nada_publico; bio indexada sem e-mail/link no trecho
kooraay90,,,,,nenhum,nada_publico
alexduvall,,,,,nenhum,nada_publico
harrybpoker,,,,,nenhum,nada_publico; bio nao indexada pela busca
jaimestaples,partner@pokerstaples.com,https://www.pokerstaples.com/connect/,,https://www.pokerstaples.com/connect/,site,e-mail comercial literal na pagina Connect (For business contact)
lexveldhuis,,,,,nenhum,nada_publico
romulodorea,,,,,nenhum,nada_publico
charliecarrel,,,,,nenhum,nada_publico
thedrawingdeadvlog,,,,,nenhum,nada_publico
jakecodyy,,,,https://www.instagram.com/jakecodyy/,nenhum,nada_publico; bio indexada sem e-mail/link no trecho
brantzenpoker,,,CoinPoker (embaixador),https://www.pokerlistings.com/news/a-new-era-at-coinpoker-yoh-viral-mariano-and-brantzen-wong-join-the-roster,agencia,sem e-mail publico no trecho
lexygavinpoker,,,,,nenhum,nada_publico
conkpoker,,,,,nenhum,nada_publico
robinpoker,,,,,nenhum,nada_publico
mttpokerschool,,https://www.mttpokerschool.com/contact,,https://www.mttpokerschool.com,site,pagina de contato + Calendly; sem e-mail
adamc1988_,,,,,nenhum,nada_publico
gokupoker,,,,,nenhum,nada_publico
marlztv,,,,,nenhum,nada_publico
courtiebee8,,,,,nenhum,nada_publico
pokerface_ash,,,,,nenhum,nada_publico
amo4sho,,,,,nenhum,nada_publico
mikemcdonald_89,,,,,nenhum,nada_publico
aylarlieofficial,,,,,nenhum,nada_publico
sverreks,,,,,nenhum,nada_publico
marcuswenneberg,,,,,nenhum,nada_publico
leo_margets,,,,,nenhum,nada_publico
_figu,,,,,nenhum,nada_publico
martin.jacobson,,,,,nenhum,nada_publico
elkypoker,,,,,nenhum,nada_publico
liv_boeree,,,,,nenhum,nada_publico
fedorholz,,,"Pokercode (Viena, Austria)",https://www.cbinsights.com/company/pokercode,agencia,sem e-mail publico encontrado
cmoneym21,,,,,nenhum,nada_publico
jenshahade,,,,,nenhum,nada_publico
lindgren_erick,,,,,nenhum,nada_publico
phil.galfond,,https://www.philgalfond.com/about/,Run It Once (Rush Street Interactive),https://www.philgalfond.com/about/,site,site pessoal sem e-mail
vselbstpoker,,,,,nenhum,nada_publico
bethshak,,,,,nenhum,nada_publico
dougpolkpoker,,https://upswingpoker.com/contact-us/,,https://www.cardplayer.com/poker-news/upswing-poker-doug-polk-sale-clubwpt-gold,site,Upswing vendida ao ClubWPT Gold; sem contato proprio
melikarazavi,,,,,nenhum,nada_publico
gmjangustafsson,,,,,nenhum,nada_publico
yuvee04,,,,,nenhum,nada_publico
talherzog,,,,,nenhum,nada_publico
therealgushansen,,,,,nenhum,nada_publico
apestyles1,,,,,nenhum,nada_publico
arlieshaban,,,,,nenhum,nada_publico
egptionpoker,,,,,nenhum,nada_publico
girafganger7,,,,,nenhum,nada_publico
actuallyspraggy,,,,,nenhum,nada_publico
talonchick,,,,,nenhum,nada_publico
nanonoko,,,,,nenhum,nada_publico
xxl23,,,,,nenhum,nada_publico
bart_hanson,,,,,nenhum,nada_publico
crushlivepoker,,,,,nenhum,nada_publico
pokercodeofficial,,,"Pokercode (Viena, Austria)",https://www.cbinsights.com/company/pokercode,agencia,sem e-mail publico encontrado
upswingpoker,,https://upswingpoker.com/contact-us/,,https://www.upswingpoker.com/contact,site,formulario com opcao Business or marketing proposal; Upswing vendida ao ClubWPT Gold
bbzpoker,,https://bbzpoker.com/contact/,,https://www.bbzpoker.com/contact,site,formulario no site; e-mail oculto por Cloudflare
gtowizard,,,,,nenhum,nada_publico
raiseyouredge,support@raiseyouredge.com,https://www.raiseyouredge.com/contact,,https://www.raiseyouredge.com/contact,site,"e-mail de suporte publicado, nao especifico comercial"
runitonceofficial,,https://www.runitonce.com/contact/,,https://www.runitonce.com/about/,site,pagina de contato; sem e-mail
pokergo,,https://www.pokergo.com/faq#contact,,https://www.pokergo.com/about,site,contato via FAQ; sem e-mail
